Фронт,армия;Убито и умерло на этапах санитарной эвакуации_Количество_1941;Пропало без вести, попало в плен_Количество_1941;Небоевые потери_Количество_1941;Ранено, контужено, обожжено_Количество_1941;Заболело_Количество_1941;Обморожено_Количество_1941;Итого безвозвратных потерь_Количество_1941;Итого санитарных потерь_Количество_1941;Итого_все потери_1941;Убито и умерло на этапах санитарной эвакуации_Количество_1942;Пропало без вести, попало в плен_Количество_1942;Небоевые потери_Количество_1942;Ранено, контужено, обожжено_Количество_1942;Заболело_Количество_1942;Обморожено_Количество_1942;Итого безвозвратных потерь_Количество_1942;Итого санитарных потерь_Количество_1942;Итого_все потери_1942;Убито и умерло на этапах санитарной эвакуации_Количество_1943;Пропало без вести, попало в плен_Количество_1943;Небоевые потери_Количество_1943;Ранено, контужено, обожжено_Количество_1943;Заболело_Количество_1943;Обморожено_Количество_1943;Итого безвозвратных потерь_Количество_1943;Итого санитарных потерь_Количество_1943;Итого_все потери_1943;Убито и умерло на этапах санитарной эвакуации_Количество_1944;Пропало без вести, попало в плен_Количество_1944;Небоевые потери_Количество_1944;Ранено, контужено, обожжено_Количество_1944;Заболело_Количество_1944;Обморожено_Количество_1944;Итого безвозвратных потерь_Количество_1944;Итого санитарных потерь_Количество_1944;Итого_все потери_1944;Убито и умерло на этапах санитарной эвакуации_Количество_1945;Пропало без вести, попало в плен_Количество_1945;Небоевые потери_Количество_1945;Ранено, контужено, обожжено_Количество_1945;Заболело_Количество_1945;Обморожено_Количество_1945;Итого безвозвратных потерь_Количество_1945;Итого санитарных потерь_Количество_1945;
2-ой Белорусский (2-е формирование) фронт;;;;;;;;;0;;;;;;;;;0;;;;;;;;;0;40138;3430;2592;136645;55963;12;46160;192620;238780;80962;5921;3054;264037;38107;41;89937;302185;392122
3-ий Белорусский фронт;;;;;;;;;0;;;;;;;;;0;;;;;;;;;0;77733;5518;3323;258611;76379;;86574;334990;421564;83953;3774;1829;297874;34396;37;89556;332307;421863
7-ая отдельная армия;4637;5609;346;13112;1245;;10592;14682;25274;9304;1289;908;19023;11343;325;11501;30455;41956;1781;110;268;3072;7429;89;2159;10528;12687;70;2;13;98;662;27;85;760;845;;;;;;;;;0
Брянский фронт (1-е и 2-е формирование);14231;138417;3044;41133;998;529;155692;42660;198352;49689;46706;7088;122890;26215;1004;103483;150109;253592;38020;5188;726;80444;10247;278;43934;90969;134903;;;;;;;;;0;;;;;;;;;0
Войска Московской зоны обороны;477;739;9;452;15;;1225;469;1694;376;1;790;751;956;2;1166;1707;2873;41;;653;64;3553;4;695;3621;4316;;;;;;;;;0;;;;;;;;;0
Волховский фронт (1-е и 2-е формирование);199;;;1307;;542;199;1849;2048;117237;82337;8935;326477;53081;4034;208509;383592;592101;69794;6520;1590;189587;53766;147;77904;243500;321404;11479;466;66;33343;4939;11;12011;38293;50304;;;;;;;;;0
Воронежский фронт и 1-ый Украинский фронт;;;;;;;;;0;48984;46949;7849;138769;12265;68;103782;151102;254884;169952;77333;12896;536285;64153;668;260181;601106;861287;172828;45909;8748;593361;134361;404;227485;728126;955611;109634;11934;3912;364103;39469;58;125480;403630;529110
Закавказский (2-е формирование);;;;;;;;;0;61569;69540;8235;144250;25395;1696;139344;171341;310685;11120;2789;905;27269;11414;2412;14814;41095;55909;;;;;;;;;0;;;;;;;;;0
Западный фронт;106997;798465;50831;328735;9069;3857;956293;341661;1297954;244574;44966;25095;665341;105540;3249;314635;774130;1088765;195525;21333;5541;582977;133954;245;222399;717176;939575;39240;1840;882;126468;39480;71;41962;166019;207981;;;;;;;;;0
Калининский фронт, 1-ый Прибалтийский фронт, Земландская группа войск;23186;18866;7973;65491;1990;1003;50025;68484;118509;221726;55826;13984;507607;60534;5818;291536;573959;865495;112753;9492;2488;301602;70615;297;124733;372514;497247;115090;13788;4379;367995;97519;124;133257;465638;598895;17891;2326;1361;53786;17348;33;21578;71167;92745
Карельский фронт;14720;18685;632;37092;5292;1374;34037;43758;77795;22927;8086;1491;53849;36202;1154;32504;91205;123709;8111;456;406;15181;32933;185;8973;48299;57272;29777;3318;1705;73873;50258;714;34800;124845;159645;;;121;;1718;;121;1718;1839
Ленинградский фронт;62187;74280;8284;165305;17712;1762;144751;184779;329530;62747;14560;6371;153661;80184;1861;83678;235706;319384;74473;9841;4431;213602;88263;184;88745;302049;390794;128999;12231;3872;406153;114094;478;145102;520725;665827;3653;230;1366;11040;33073;1;5249;44114;49363
Отдельная Приморская армия (2-е формирование);;;;;;;;;0;;;;;;;;;0;2762;1302;130;6075;3651;;4194;9726;13920;8881;361;638;26282;19164;260;9880;45706;55586;4;;16;4;633;;20;637;657
Прибалтийский и 2-ой Прибалтийский фронты;;;;;;;;;0;;;;;;;;;0;22133;1631;553;62428;18814;35;24317;81277;105594;110710;7831;2823;354284;91302;208;121364;445794;567158;34396;3656;1527;116847;35190;60;39579;152097;191676
Приморская армия (1-е формирование);6881;21350;7419;32977;986;89;35650;34052;69702;5139;62871;1108;20243;3201;348;69118;23792;92910;;;;;;;;;0;;;;;;;;;0;;;;;;;;;0
Северо-западный фронт;31511;142190;8563;83816;3741;266;182264;87823;270087;133573;41720;8970;319111;53878;1856;184263;374845;559108;77763;8531;2504;188234;58230;189;88798;246653;335451;;;;;;;;;0;;;;;;;;;0
Сталинградский (1-е формирование) и Донской фронты;;;;;;;;;0;92642;297726;12948;266644;17757;270;403316;284671;687987;23488;1404;835;68838;8614;788;25727;78240;103967;;;;;;;;;0;;;;;;;;;0
Степной, 2-ой Украинский фронты;;;;;;;;;0;;;;;;;;;0;118995;40462;3642;415395;30489;60;163099;445944;609043;131318;23943;3937;456080;127256;194;159198;583530;742728;40345;6241;1507;141463;37797;39;48093;179299;227392
Центральный (2-е формирование), Белорусский (1-е и 2-е формирования), 1-ый Белорусский (1-е и 2-е формирования);;;;;;;;;0;;;;;;;;;0;173558;31114;7428;489514;550436;475;212100;549795;761895;140636;16321;9087;454419;585459;59;166044;639049;805093;96734;5371;4142;321224;368465;25;106247;413546;519793
Юго-Западный (2-е формирование) и 3-ий Украинский фронты;;;;;;;;;0;32265;6543;3790;97707;5651;2285;42598;105643;148241;136178;48391;4401;431710;58642;2227;188970;492579;681549;94365;12223;5487;327742;97588;136;112075;425466;537541;48173;16402;2158;158999;24490;448;66733;183937;250670
Южный (2-е формирование) и 4-ый Украинский фронты;;;;;;;;;0;;;;;;;;;0;150026;48583;13553;488227;62646;2784;212162;553657;765819;58209;5542;2626;206611;47804;550;66377;254965;321342;34666;2704;1209;125999;17404;320;38579;143723;182302
Южный фронт (1-е формирование);32362;188306;17909;66809;4927;2004;238577;73740;312317;82096;117124;10862;216161;35938;18191;210082;270290;480372;;;;;;;;;0;;;;;;;;;0;;;;;;;;;0
1-ый Дальневосточный фронт;;;;;;;;;0;;;;;;;;;0;;;;;;;;;0;;;;;;;;;0;5154;381;789;12958;1787;;6324;14745;21069
14-ая отдельная армия;;;;;;;;;0;;;;;;;;;0;;;;;;;;;0;;;;;;;;;0;161;8;243;366;7884;10;412;8260;8672
2-ой Белорусский (1-е формирование) фронт;;;;;;;;;0;;;;;;;;;0;;;;;;;;;0;4987;451;84;14422;2319;;5522;16741;22263;;;;;;;;;0
2-ой Дальневосточный фронт;;;;;;;;;0;;;;;;;;;0;;;;;;;;;0;;;;;;;;;0;2008;412;29;3112;22;;2449;3134;5583
3-ий Прибалтийский фронт;;;;;;;;;0;;;;;;;;;0;;;;;;;;;0;39710;2533;912;130427;23449;;43155;153876;197031;;;;;;;;;0
37-ая отдельная армия;;;;;;;;;0;;;;;;;;;0;;;;;;;;;0;;;;;;;;;0;;;426;2;4297;;426;4299;4725
4-ая отдельная армия;10946;5390;1407;24468;1117;803;17743;26388;44131;;;;;;;;;0;;;;;;;;;0;;;;;;;;;0;;;;;;;;;0
51-ая отдельная армия;9480;32173;10550;14388;1463;1;52203;15852;68055;;;;;;;;;0;;;;;;;;;0;;;;;;;;;0;;;;;;;;;0
52-отдельная армия;3557;9638;564;7435;489;111;13759;8035;21794;;;;;;;;;0;;;;;;;;;0;;;;;;;;;0;;;;;;;;;0
Восточный и Сталинградский (2-е формирование) фронты;;;;;;;;;0;66331;104490;10477;150743;10074;480;181298;161297;342595;;;;;;;;;0;;;;;;;;;0;;;;;;;;;0
Забайкальский фронт;;;;;;;;;0;;;;;;;;;0;;;;;;;;;0;;;;;;;;;0;1683;23;522;3159;2996;;2228;6155;8383
Кавказский фронт;;;;;;;;;0;7904;20392;2251;9549;1757;2929;30547;14235;44782;;;;;;;;;0;;;;;;;;;0;;;;;;;;;0
Крымский фронт;;;;;;;;;0;31051;161890;1866;75747;6971;518;194807;83236;278043;;;;;;;;;0;;;;;;;;;0;;;;;;;;;0
Северо-Кавказский фронт (1-е формирование);;;;;;;;;0;14143;68875;6319;30451;5301;;89337;35752;125089;;;;;;;;;0;;;;;;;;;0;;;;;;;;;0
Северо-Кавказский фронт (2-е формирование);;;;;;;;;0;;;;;;;;;0;99492;23876;5936;286504;89756;3725;129304;379985;509289;;;;;;;;;0;;;;;;;;;0
Центральный фронт (1-е формирование);9199;45824;55985;31650;347;;111008;31997;143005;;;;;;;;;0;;;;;;;;;0;;;;;;;;;0;;;;;;;;;0
Резервный (2-е формирование), Курский, Орловский, Брянский (3-е формирование);;;;;;;;;0;;;;;;;;;0;73997;8192;1308;214737;20332;;83197;235069;318266;;;;;;;;;0;;;;;;;;;0
Резервный фронт (1-е формирование);38455;138630;6956;138451;1269;;184041;139720;323761;;;;;;;;;0;;;;;;;;;0;;;;;;;;;0;;;;;;;;;0
Северный фронт;22334;61537;1588;60271;2634;-;85459;62905;148364;;;;;;;;;0;;;;;;;;;0;;;;;;;;;0;;;;;;;;;0
Всего;391359;1700099;182060;1112892;53294;12341;2273518;1178854;3452372;1304277;1251891;139337;3318974;552243;46088;2695504;3917067;6612571;1559962;346548;70194;4601745;1377937;14792;1976405;5503782;7480187;1204170;155707;51174;3966814;1567996;3248;1411051;5137143;6548194;559417;59383;24211;1874973;665076;1072;643011;2264953;2907964
;;;;;;;;;3452045;;;;;;;;;6612810;;;;;;;;;;;;;;;;;;;;;;;;;;;
;;;;;;;;;;;;;;;;;;;;;;;;;;;;;;;;;;;;;;;;;;;;;
;;;;;;;;;;;;;;;;;;;;;;;;;;;;;;;;;;;;;;;;;;;;;
24093324;все потери фронта;;;;;;;;;;;;;;;;;;;;;;;;;;;;;;;;;;;;;;;;;;;;
;;;;;;;;;;;;;;;;;;;;;;;;;;;;;;;;;;;;;;;;;;;;;
;Убитые и умершие на этапах санитарной эвакуации;Убитые и умершие на этапах санитарной эвакуации_процент от годовых потерь;Убитые и умершие на этапах санитарной эвакуации_процент от всех потерь;Пропавшие без вести, попавшие в плен;Пропавшие без вести, попавшие в плен_процент от годовых потерь;Пропавшие без вести, попавшие в плен_процент от всех потерь;Небоевые потери_процент от годовых потерь;Небоевые потери_процент от всех потерь;Небоевые потери;Раненые, контуженные_процент от годовых потерь;Раненые, контуженные_процент от всех потерь;Раненые, контуженные;Заболевшие;Заболевшие_процент от годовых потерь;Заболевшие_процент от всех потерь;Обмороженные;Обмороженные_процент от годовых потерь;Обмороженные_процент от всех потерь;;;;;;;;;;;;;;;;;;;;;;;;;;;
1941;391359;37,7791559;;1700099;49,24437459;;182060;5,273475744;;1112892;32,235576;;53294;1,543692279;;12341;4,4714E-05;;;;;;;;;;;;;;;;;;;;;;;;;;;;
1942;1304277;;;1251891;;;139337;;;3318974;;;552243;;;46088;;;;;;;;;;;;;;;;;;;;;;;;;;;;;
1943;1559962;;;346548;;;70194;;;4601745;;;1377937;;;14792;;;;;;;;;;;;;;;;;;;;;;;;;;;;;
1944;1204170;;;155707;;;51174;;;3966814;;;1567996;;;3248;;;;;;;;;;;;;;;;;;;;;;;;;;;;;
1945;559417;;;59383;;;24211;;;1844973;;;665076;;;1072;;;;;;;;;;;;;;;;;;;;;;;;;;;;;
