Фронт,армия;Убито и умерло на этапах санитарной эвакуации_Количество_1941;Убито и умерло на этапах санитарной эвакуации_% к потерям_1941;Пропало без вести, попало в плен_Количество_1941;Пропало без вести, попало в плен_% к потерям_1941;Небоевые потери_Количество_1941;Небоевые потери_% к потерям_1941;Итого безвозвратных потерь_Количество_1941;Итого безвозвратных потерь_% к потерям_1941;Итого безвозвратных потерь_% потерь к численности личного состава_1941;Итого безвозвратных потерь_% среднемесячных потерь к численности личного состава_1941;Убито и умерло на этапах санитарной эвакуации_Количество_1942;Убито и умерло на этапах санитарной эвакуации_% к потерям_1942;Пропало без вести, попало в плен_Количество_1942;Пропало без вести, попало в плен_% к потерям_1942;Небоевые потери_Количество_1942;Небоевые потери_% к потерям_1942;Итого безвозвратных потерь_Количество_1942;Итого безвозвратных потерь_% к потерям_1942;Итого безвозвратных потерь_% потерь к численности личного состава_1942;Итого безвозвратных потерь_% среднемесячных потерь к численности личного состава_1942;Убито и умерло на этапах санитарной эвакуации_Количество_1943;Убито и умерло на этапах санитарной эвакуации_% к потерям_1943;Пропало без вести, попало в плен_Количество_1943;Пропало без вести, попало в плен_% к потерям_1943;Небоевые потери_Количество_1943;Небоевые потери_% к потерям_1943;Итого безвозвратных потерь_Количество_1943;Итого безвозвратных потерь_% к потерям_1943;Итого безвозвратных потерь_% потерь к численности личного состава_1943;Итого безвозвратных потерь_% среднемесячных потерь к численности личного состава_1943;Убито и умерло на этапах санитарной эвакуации_Количество_1944;Убито и умерло на этапах санитарной эвакуации_% к потерям_1944;Пропало без вести, попало в плен_Количество_1944;Пропало без вести, попало в плен_% к потерям_1944;Небоевые потери_Количество_1944;Небоевые потери_% к потерям_1944;Итого безвозвратных потерь_Количество_1944;Итого безвозвратных потерь_% к потерям_1944;Итого безвозвратных потерь_% потерь к численности личного состава_1944;Итого безвозвратных потерь_% среднемесячных потерь к численности личного состава_1944;Убито и умерло на этапах санитарной эвакуации_Количество_1945;Убито и умерло на этапах санитарной эвакуации_% к потерям_1945;Пропало без вести, попало в плен_Количество_1945;Пропало без вести, попало в плен_% к потерям_1945;Небоевые потери_Количество_1945;Небоевые потери_% к потерям_1945;Итого безвозвратных потерь_Количество_1945;Итого безвозвратных потерь_% к потерям_1945;Итого безвозвратных потерь_% потерь к численности личного состава_1945;Итого безвозвратных потерь_% среднемесячных потерь к численности личного состава_1945
2-ой Белорусский (2-е формирование) фронт;;;;;;;;;;;;;;;;;;;;;;;;;;;;;;;40138;16,81;3430;1,44;2592;1,08;46160;19,33;10,17;1,23;80962;20,65;5921;1,51;3054;0,78;89937;22,94;12,49;2,97
3-ий Белорусский фронт;;;;;;;;;;;;;;;;;;;;;;;;;;;;;;;77733;18,44;5518;1,31;3323;0,79;86574;20,54;15,54;1,87;83953;19,91;3774;0,89;1829;0,43;89556;21,23;12,01;2,86
7-ая отдельная армия;4637;18,35;5609;22,19;346;1,37;10592;41,91;14,16;4,42;9304;22,18;1289;3,07;908;2,16;11501;27,41;11,77;0,98;1781;14,04;110;0,87;268;2,11;2159;17,02;2,49;0,21;70;8,28;2;0,24;13;1,54;85;10,06;0,10;0,05;;;;;;;;;;
Брянский фронт (1-е и 2-е формирование);14231;7,17;138417;69,79;3044;1,53;155692;78,49;86,21;29,73;49689;19,59;46706;18,42;7088;2,80;103483;40,81;30,50;2,54;38020;28,18;5188;3,85;726;0,54;43934;32,57;11,22;4,82;;;;;;;;;;;;;;;;;;;;
Войска Московской зоны обороны;477;28,16;739;43,62;9;0,53;1225;72,31;0,79;0,79;376;13,09;1;0,02;790;27,49;1166;40,58;0,98;0,08;41;0,95;;;653;15,13;695;16,10;1,27;0,14;;;;;;;;;;;;;;;;;;;;
Волховский фронт (1-е и 2-е формирование);199;9,72;;;;;199;9,72;0,08;0,16;117237;19,80;82337;13,91;8935;1,51;208509;35,22;60,07;5,72;69794;21,72;6520;2,03;1590;0,49;77904;24,24;22,35;1,86;11479;22,82;466;0,93;66;0,13;12011;23,88;4,10;2,73;;;;;;;;;;
Воронежский фронт и 1-ый Украинский фронт;;;;;;;;;;;48984;19,22;46949;18,42;7849;3,08;103782;40,72;34,17;5,89;169952;19,73;77333;8,98;12896;1,50;260181;30,21;46,42;3,87;172828;18,09;45909;4,80;8748;0,92;227485;23,81;24,22;2,02;109634;20,72;11934;2,26;3912;0,74;125480;23,72;12,80;3,05
Закавказский (2-е формирование);;;;;;;;;;;61569;19,82;69540;22,38;8235;2,65;139344;44,85;13,17;1,73;11120;19,89;2789;4,99;905;1,62;14814;26,50;2,16;0,74;;;;;;;;;;;;;;;;;;;;
Западный фронт;106997;8,24;798465;61,52;50831;3,92;956293;73,68;190,83;30,29;244574;22,46;44966;4,13;25095;2,31;314635;28,90;32,89;2,74;195525;20,81;21333;2,27;5541;0,59;222399;23,67;28,96;2,41;39240;18,87;1840;0,88;882;0,43;41962;20,18;7,87;2,13;;;;;;;;;;
Калининский фронт, 1-ый Прибалтийский фронт, Земландская группа войск;23186;19,56;18866;15,92;7973;6,73;50025;42,21;25,55;10,65;221726;25,62;55826;6,45;13984;1,61;291536;33,68;47,97;4,00;112753;22,67;9492;1,91;2488;0,50;124733;25,08;26,92;2,24;115090;19,22;13788;2,30;4379;0,73;133257;22,25;27,12;2,26;17891;19,29;2326;2,51;1361;1,47;21578;23,27;6,86;2,28
Карельский фронт;14720;18,92;18685;24,02;632;0,81;34037;43,75;18,55;4,64;22927;18,53;8086;6,53;1491;1,21;32504;26,27;12,09;1,00;8111;14,16;456;0,80;406;0,71;8973;15,67;3,58;0,30;29777;18,65;3318;2,08;1705;1,07;34800;21,80;10,56;1,00;;;;;121;6,58;121;6,58;;
Ленинградский фронт;62187;18,87;74280;22,54;8284;2,52;144751;43,93;28,09;6,69;62747;19,65;14560;4,56;6371;1,99;83678;26,20;20,14;1,68;74473;19,06;9841;2,52;4431;1,13;88745;22,71;17,26;1,44;128999;19,37;12231;1,84;3872;0,58;145102;21,79;23,70;1,97;3653;7,40;230;0,46;1366;2,77;5249;10,63;0,86;0,21
Отдельная Приморская армия (2-е формирование);;;;;;;;;;;;;;;;;;;;;2762;19,84;1302;9,35;130;0,94;4194;30,13;2,00;1,43;8881;15,97;361;0,65;638;1,15;9880;17,77;8,88;0,81;4;0,61;;;16;2,43;20;3,04;0,07;0,02
Прибалтийский и 2-ой Прибалтийский фронты;;;;;;;;;;;;;;;;;;;;;22133;20,96;1631;1,55;553;0,52;24317;23,03;5,69;2,11;110710;19,52;7831;1,38;2823;0,50;121364;21,40;28,42;2,37;34396;17,94;3656;1,91;1527;0,80;39579;20,65;7,04;2,35
Приморская армия (1-е формирование);6881;9,87;21350;30,64;7419;10,64;35650;51,15;54,68;13,67;5139;5,53;62871;67,67;1108;1,19;69118;74,39;86,74;14,46;;;;;;;;;;;;;;;;;;;;;;;;;;;;;;
Северо-западный фронт;31511;11,67;142190;52,64;8563;3,17;182264;67,48;70,17;11,14;133573;23,89;41720;7,47;8970;1,60;184263;32,96;51,26;4,27;77763;23,18;8531;2,54;2504;0,75;88798;26,47;25,84;2,44;;;;;;;;;;;;;;;;;;;;
Сталинградский (1-е формирование) и Донской фронты;;;;;;;;;;;92642;13,47;297726;43,27;12948;1,88;403316;58,62;88,60;15,82;23488;22,59;1404;1,35;835;0,81;25727;24,75;7,19;4,79;;;;;;;;;;;;;;;;;;;;
Степной, 2-ой Украинский фронты;;;;;;;;;;;;;;;;;;;;;118995;19,54;40462;6,64;3642;0,60;163099;26,78;32,25;5,56;131318;17,68;23943;3,22;3937;0,53;159198;21,43;21,65;1,81;40345;17,74;6241;2,75;1507;0,66;48093;21,15;8,22;1,96
Центральный (2-е формирование), Белорусский (1-е и 2-е формирования), 1-ый Белорусский (1-е и 2-е формирования);;;;;;;;;;;;;;;;;;;;;173558;22,76;31114;4,08;7428;0,98;212100;27,82;34,26;3,26;140636;18,71;16321;2,17;9087;1,21;166044;22,09;19,45;1,62;96734;20,38;5371;1,13;4142;0,87;106247;22,38;10,26;2,44
Юго-Западный (2-е формирование) и 3-ий Украинский фронты;;;;;;;;;;;32265;21,77;6543;4,41;3790;2,56;42598;28,74;12,70;5,77;136178;19,98;48391;7,10;4401;0,65;188970;27,73;38,12;3,18;94365;17,56;12223;2,27;5487;1,02;112075;20,85;22,87;1,91;48173;19,22;16402;6,54;2158;0,86;66733;26,62;12,70;3,02
Южный (2-е формирование) и 4-ый Украинский фронты;;;;;;;;;:;:;;;;;;;;;43,29;3,61;150026;19,59;48583;6,34;13553;1,77;212162;27,70;18,02;1,82;58209;18,11;5542;1,73;2626;0,82;66377;20,66;11,59;2,76;34666;19,02;2704;1,48;1209;0,66;38579;21,16;;
Южный фронт (1-е формирование);32362;10,36;188306;60,30;17909;5,73;238577;76,39;62,50;10,08;82096;17,09;117124;24,38;10862;2,26;210082;43,73;36,79;5,33;;;;;;;;;;;;;;;;;;;;;;;;;;;;;;
1-ый Дальневосточный фронт;;;;;;;;;;;;;;;;;;;;;;;;;;;;;;;;;;;;;;;;;5154;24,46;381;1,81;789;3,75;6324;30,02;1,08;1,08
14-ая отдельная армия;;;;;;;;;;;;;;;;;;;;;;;;;;;;;;;;;;;;;;;;;161;1,86;8;0,09;243;2,80;412;4,75;0,55;0,10
2-ой Белорусский (1-е формирование) фронт;;;;;;;;;;;;;;;;;;;;;;;;;;;;;;;4987;22,40;451;2,02;84;0,38;5522;24,80;3,11;2,40;;;;;;;;;;
2-ой Дальневосточный фронт;;;;;;;;;;;;;;;;;;;;;;;;;;;;;;;;;;;;;;;;;2008;35,97;412;7,38;29;0,52;2449;43,87;0,73;0,73
3-ий Прибалтийский фронт;;;;;;;;;;;;;;;;;;;;;;;;;;;;;;;39710;20,15;2533;1,29;912;0,46;43155;21,90;15,42;2,66;;;;;;;;;;
37-ая отдельная армия;;;;;;;;;;;;;;;;;;;;;;;;;;;;;;;;;;;;;;;;;;;;;426;9,02;426;9,02;0,47;0,09
4-ая отдельная армия;10946;24,81;5390;12,21;1407;3,19;17743;40,21;30,38;11,68;;;;;;;;;;;;;;;;;;;;;;;;;;;;;;;;;;;;;;;;
51-ая отдельная армия;9480;13,93;32173;47,28;10550;15,50;52203;76,71;49,02;15,81;;;;;;;;;;;;;;;;;;;;;;;;;;;;;;;;;;;;;;;;
52-отдельная армия;3557;16,32;9638;44,22;564;2,59;13759;63,13;26,26;10,10;;;;;;;;;;;;;;;;;;;;;;;;;;;;;;;;;;;;;;;;
Восточный и Сталинградский (2-е формирование) фронты;;;;;;;;;;;66331;19,36;104490;30,50;10477;3,06;181298;52,92;55,29;11,52;;;;;;;;;;;;;;;;;;;;;;;;;;;;;;
Забайкальский фронт;;;;;;;;;;;;;;;;;;;;;;;;;;;;;;;;;;;;;;;;;1683;20,08;23;0,27;522;6,23;2228;26,58;0,35;0,35
Кавказский фронт;;;;;;;;;;;7904;17,65;20392;45,53;2251;5,03;30547;68,21;5,99;5,99;;;;;;;;;;;;;;;;;;;;;;;;;;;;;;
Крымский фронт;;;;;;;;;;;31051;11,17;161890;58,22;1866;0,67;194807;70,06;80,76;22,43;;;;;;;;;;;;;;;;;;;;;;;;;;;;;;
Северо-Кавказский фронт (1-е формирование);;;;;;;;;;;14143;11,31;68875;55,06;6319;5,05;89337;71,42;42,97;12,28;;;;;;;;;;;;;;;;;;;;;;;;;;;;;;
Северо-Кавказский фронт (2-е формирование);;;;;;;;;;;;;;;;;;;;;99492;19.54;23876;4.69;5936;1.16;129304;25.39;31.02;3.17;;;;;;;;;;;;;;;;;;;;
Центральный фронт (1-е формирование);9199;6,43;45824;32,05;55985;39,15;111008;77,63;43,04;43,04;;;;;;;;;;;;;;;;;;;;;;;;;;;;;;;;;;;;;;;;
Резервный (2-е формирование), Курский, Орловский, Брянский (3-е формирование);;;;;;;;;;;;;;;;;;;;;73997;23,25;8192;2,57;1308;0,41;83197;26,14;19,01;2,71;;;;;;;;;;;;;;;;;;;;
Резервный фронт (1-е формирование);38455;11,88;138630;42,82;6956;2,15;184041;56,85;40,69;16,28;;;;;;;;;;;;;;;;;;;;;;;;;;;;;;;;;;;;;;;;
Северный фронт;22334;15,05;61537;41,48;1588;1,07;85459;57,60;12,97;6,18;;;;;;;;;;;;;;;;;;;;;;;;;;;;;;;;;;;;;;;;
