Фронт, армия;Количество суток;Всего потерь_Количество_Офицеры;Всего потерь_% к потерям_Офицеры;Всего потерь_% потерь к численности личного состава_Офицеры;Всего потерь_% среднемесячных потерь к численности личного состава_Офицеры;Всего потерь_Количество_Сержанты;Всего потерь_% к потерям_Сержанты;Всего потерь_% потерь к численности личного состава_Сержанты;Всего потерь_% среднемесячных потерь к численности личного состава_Сержанты;Всего потерь_Количество_Солдаты;Всего потерь_% к потерям_Солдаты;Всего потерь_% потерь к численности личного состава_Солдаты;Всего потерь_% среднемесячных потерь к численности личного состава_Солдаты;Всего потерь_Количество_Всего;Всего потерь_% к потерям_Всего;Всего потерь_% потерь к численности личного состава_Всего;Всего потерь_% среднемесячных потерь к численности личного состава_Всего
1-ый Дальневосточный фронт;25;1992;100;2,63;2,63;6246;100;4,06;4,06;12831;100;3,59;3,59;21069;100;3,59;3,59
14-ая отдельная армия;176;465;100;4,74;0,83;1902;100;10,51;1,84;6305;100;13,56;2,38;8672;100;11,66;1,95
2-ой Белорусский (1-е формирование) фронт;42;1624;100;6,68;5,14;4595;100;12,69;9,76;16044;100;13,74;10,57;22263;100;12,55;9,66
2-ой Белорусский (2-е формирование) фронт;381;50710;100;63,63;5,09;124301;100;93,81;7,50;455891;100;132,53;10,60;630902;100;113,43;9,08
2-ой Дальневосточный фронт;25;560;100;1,24;1,24;1951;100;2,28;2,28;3072;100;1,51;1,51;5583;100;1,66;1,66
3-ий Белорусский фронт;381;67217;100;69,87;5,59;157912;100;106,20;8,49;618298;100;160,72;12,86;843427;100;133,96;10,72
3-ий Прибалтийский фронт;179;16855;100;37,54;6,47;34676;100;55,39;9,55;145500;100;84,40;14,55;197031;100;70,39;12,14
37-ая отдельная армия;146;412;100;3,89;0,80;1025;100;4,77;0,99;3288;100;5,65;1,17;4725;100;5,23;1,08
4-ая отдельная армия;80;2616;100;42,19;16,23;5725;100;65,81;25,31;35790;100;82,28;31,64;44131;100;75,57;29,06
51-ая отдельная армия;94;3931;100;48,53;15,66;7455;100;58,24;18,78;56669;100;66,20;21,35;68055;100;63,90;20,61
52-отдельная армия;81;1141;100;21,13;8,12;2529;100;33,72;12,96;18124;100;45,88;17,65;21794;100;41,59;16,00
7-ая отдельная армия;883;4434;100;41,83;1,44;11962;100;65,37;2,26;64366;100;106,22;3,67;80762;100;90,24;3,12
Брянский фронт (1-е и 2-е формирование);529;44591;100;110,95;6,41;99044;100;172,91;9,99;443212;100;210,51;12,17;586847;100;201,43;11,64
Войска Московской зоны обороны;667;496;100;4,47;0,20;1188;100;6,12;0,28;7199;100;11,66;0,53;8883;100;9,64;0,44
Волховский фронт (1-е и 2-е формирование);746;81665;100;144,54;5,90;160223;100;232,21;9,48;723969;100;328,93;13,42;965857;100;279,47;11,41
Воронежский фронт и 1-ый Украинский фронт;1036;205133;100;205,54;6,05;520110;100;326,70;9,61;1875649;100;419,33;12,33;2600892;100;368,24;10,83
Восточный и Сталинградский (2-е формирование) фронты;147;29721;100;59,09;12,31;64321;100;95,86;19,97;248553;100;118,08;24,60;342595;100;104,48;21,77
Забайкальский фронт;25;696;100;0,88;0,88;2187;100;1,42;1,42;5500;100;1,36;1,36;8383;100;1,31;1,31
Закавказский фронт (2-е формирование);320;32188;100;23,29;2,22;63412;100;35,11;3,34;270994;100;40,78;3,88;366594;100;37,28;3,55
Западный фронт;1037;252974;100;232,29;6,83;555853;100;372,06;10,94;2725448;100;535,14;15,74;3534275;100;460,43;13,54
Кавказский фронт;29;2819;100;5,13;5,13;5799;100;7,53;7,53;36164;100;9,57;9,57;44782;100;8,78;8,78
Калининский фронт, 1-ый Прибалтийский фронт, Земландская группа войск;1262;161246;100;226,47;5,47;393333;100;373,89;9,03;1618312;100;516,21;12,47;2172891;100;443,54;10,71
Карельский фронт;1172;24548;100;68,96;1,80;74749;100;129,10;3,36;320963;100;178,71;4,65;420260;100;153,89;4,00
Крымский фронт;111;21734;100;78,75;21,87;43459;100;102,26;28,40;212850;100;124,40;34,56;278043;100;115,27;32,02
Ленинградский фронт;1353;122438;100;157,98;3,57;305585;100;269,71;6,08;1326875;100;397,74;8,96;1754898;100;334,65;7,54
Отдельная Приморская армия (2-е формирование);504;6907;100;49,69;3,01;15112;100;70,29;4,26;48144;100;85,06;5,15;70163;100;76,26;4,62
Прибалтийский и 2-ой Прибалтийский фронты;539;73013;100;102,26;5,78;171269;100;161,88;9,15;620146;100;227,66;12,86;864428;100;192,27;10,86
Приморская армия (1-е формирование);310;12737;100;167,59;16,76;20360;100;183,42;18,34;129515;100;234,63;23,46;162612;100;220,04;22,01
Резервный (2-е формирование), Курский, Орловский, Брянский (3-е формирование);213;24161;100;37,49;5,35;71333;100;76,08;10,87;222772;100;81,32;11,62;318266;100;72,75;10,39
Резервный фронт (1-е формирование);76;22908;100;55,47;22,19;39303;100;64,75;25,90;261550;100;74,67;29,87;323761;100;71,58;28,64
Северный фронт;64;9923;100;15,53;7,39;18277;100;19,24;9,16;120164;100;24,03;11,44;148364;100;22,52;10,73
Северо-Кавказский фронт (1-е формирование);107;10129;100;33,54;9,58;19557;100;46,68;13,34;95403;100;70,25;20,07;125089;100;60,17;17,19
Северо-Кавказский фронт (2-е формирование);301;46973;100;70.00;7.14;85476;100;101.40;10.35;376840;100;141.99;14.49;509289;100;122.19;12.47
Северо-западный фронт;882;83768;100;168,89;5,84;184672;100;287,66;9,95;896206;100;404,43;13,99;1164646;100;347,25;12,02
Сталинградский (1-е формирование) и Донской фронты;218;66123;100;100,64;14,18;138628;100;163,86;23,08;587203;100;209,34;29,48;791954;100;183,83;25,89
Степной, 2-ой Украинский фронты;671;118487;100;127,68;5,80;282107;100;202,66;9,21;1178569;100;286,90;13,04;1579163;100;245,67;11,17
Центральный (2-е формирование), Белорусский (1-е и 2-е формирования), 1-ый Белорусский (1-е и 2-е формирования);815;157315;100;137,64;5,15;404327;100;220,83;8,27;1427109;100;287,37;10,76;1988751;100;250,47;9,38
Центральный фронт (1-е формирование);32;10807;100;39,16;39,16;18820;100;55,03;55,03;113378;100;57,81;57,81;143005;100;55,45;55,45
Юго-Западный (2-е формирование) и 3-ий Украинский;928;129801;100;179,03;5,89;306267;100;297,06;9,77;1181933;100;384,25;12,64;1618001;100;334,85;11,01
Юго-Западный фронт (1-е формирование);386;101651;100;165,83;13,16;187006;100;238,22;18,90;1032971;100;309,64;24,57;1321628;100;279,18;22,16
Южный (2-е формирование) и 4-ый Украинский фронты;795;100238;100;158,48;6,07;219558;100;248,76;9,53;949667;100;361,57;13,85;1269463;100;306,52;11,74
Южный фронт (1-е формирование);399;55041;100;93,61;7,15;105228;100;133,88;10,24;632420;100;178,30;13,64;792689;100;161,08;12,31
