Фронт,армия;Всего потерь_Количество_1941;Всего потерь_% к потерям_1941;Всего потерь_% потерь к численности личного состава_1941;Всего потерь_% среднемесячных потерь к численности личного состава_1941;Всего потерь_Количество_1942;Всего потерь_% к потерям_1942;Всего потерь_% потерь к численности личного состава_1942;Всего потерь_% среднемесячных потерь к численности личного состава_1942;Всего потерь_Количество_1943;Всего потерь_% к потерям_1943;Всего потерь_% потерь к численности личного состава_1943;Всего потерь_% среднемесячных потерь к численности личного состава_1943;Всего потерь_Количество_1944;Всего потерь_% к потерям_1944;Всего потерь_% потерь к численности личного состава_1944;Всего потерь_% среднемесячных потерь к численности личного состава_1944;Всего потерь_Количество_1945;Всего потерь_% к потерям_1945;Всего потерь_% потерь к численности личного состава_1945;Всего потерь_% среднемесячных потерь к численности личного состава_1945
2-ой Белорусский (2-е формирование) фронт;;;;;;;;;;;;;238780;100;52,61;6,34;392122;100;54,45;12,96
3-ий Белорусский фронт;;;;;;;;;;;;;421564;100;75,67;9,12;421863;100;56,58;13,47
7-ая отдельная армия;25274;100;33,78;10,55;41956;100;42,93;3,58;12687;100;14,64;1,22;845;100;1,00;0,55;;;;
Брянский фронт (1-е и 2-е формирование);198352;100;109,83;37,88;253592;100;74,74;6,23;134903;100;34,45;14,79;;;;;;;;
Войска Московской зоны обороны;1694;100;1,09;1,09;2873;100;2,42;0,20;4316;100;7,91;0,88;;;;;;;;
Волховский фронт (1-е и 2-е формирование);2048;100;0,84;1,68;592101;100;170,59;16,25;321404;100;92,22;7,68;50304;100;17,17;11,44;;;;
Воронежский фронт и 1-ый Украинский фронт;;;;;254884;100;83,93;14,47;861287;100;153,67;12,81;955611;100;101,74;8,48;529110;100;53,97;12,85
Закавказский (2-е формирование);;;;;310685;100;29,37;3,86;55909;100;8,15;2,81;;;;;;;;
Западный фронт;1297954;100;259,01;41,11;1088765;100;113,81;9,48;939575;100;122,37;10,20;207981;100;39,02;10,55;;;;
Калининский фронт, 1-ый Прибалтийский фронт, Земландская группа войск;118509;100;60,53;25,22;865495;100;142,41;11,87;497247;100;107,30;8,94;598895;100;121,90;10,16;92745;100;29,50;9,80
Карельский фронт;77795;100;42,39;10,60;123709;100;46,01;3,83;57272;100;22,83;1,90;159645;100;48,45;4,61;1839;100;;
Ленинградский фронт;329530;100;63,94;15,22;319384;100;76,87;6,41;390794;100;76,00;6,33;665827;100;108,76;9,06;49363;100;8,13;1,94
Отдельная Приморская армия (2-е формирование);;;;;;;;;13920;100;6,64;4,74;55586;100;49,99;4,58;657;100;2,18;0,52
Прибалтийский и 2-ой Прибалтийский фронты;;;;;;;;;105594;100;24,72;9,16;567158;100;132,83;11,07;191676;100;34,07;11,36
Приморская армия (1-е формирование);69702;100;106,90;26,72;92910;100;116,60;19,43;;;;;;;;;;;;
Северо-западный фронт;270087;100;103,99;16,51;559108;100;155,54;12,96;335451;100;97,63;9,21;;;;;;;;
Сталинградский (1-е формирование) и Донской фронты;;;;;687987;100;151,14;26,99;103967;100;29,05;19,36;;;;;;;;
Степной, 2-ой Украинский фронты;;;;;;;;;609043;100;120,43;20,76;742728;100;101,00;8,42;227392;100;38,87;9,26
Центральный (2-е формирование), Белорусский (1-е и 2-е формирования), 1-ый Белорусский (1-е и 2-е формирования);;;;;;;;;762536;100;123,16;11,73;751503;100;88,03;7,34;474712;100;45,85;10,91
Юго-Западный (2-е формирование) и 3-ий Украинский фронты;;;;;148241;100;44,19;20,09;681549;100;137,49;11,46;537541;100;109,67;9,14;250670;100;47,71;11,36
Южный (2-е формирование) и 4-ый Украинский фронты;;;;;;;;;765819;100;156,27;13,02;321342;100;87,25;8,81;182302;100;54,76;13,04
Южный фронт (1-е формирование);312317;100;81,82;13,20;480372;100;84,13;12,19;;;;;;;;;;;;
1-ый Дальневосточный фронт;;;;;;;;;;;;;;;;;21069;100;3,59;3,59
14-ая отдельная армия;;;;;;;;;;;;;;;;;8672;100;11,66;1,95
2-ой Белорусский (1-е формирование) фронт;;;;;;;;;;;;;22263;100;12,55;9,66;;;;
2-ой Дальневосточный фронт;;;;;;;;;;;;;;;;;5583;100;1,66;1,66
3-ий Прибалтийский фронт;;;;;;;;;;;;;197031;100;70,39;12,14;;;;
37-ая отдельная армия;;;;;;;;;;;;;;;;;4725;100;5,23;1,08
4-ая отдельная армия;44131;100;75,57;29,06;;;;;;;;;;;;;;;;
51-ая отдельная армия;68055;100;63,90;20,61;;;;;;;;;;;;;;;;
52-отдельная армия;21794;100;41,59;16,00;;;;;;;;;;;;;;;;
Восточный и Сталинградский (2-е формирование) фронты;;;;;342595;100;104,48;21,77;;;;;;;;;;;;
Забайкальский фронт;;;;;;;;;;;;;;;;;8383;100;1,31;1,31
Кавказский фронт;;;;;44782;100;8,78;8,78;;;;;;;;;;;;
Крымский фронт;;;;;278043;100;115,27;32,02;;;;;;;;;;;;
Северо-Кавказский фронт (1-е формирование);;;;;125089;100;60,17;17,19;;;;;;;;;;;;
Северо-Кавказский фронт (2-е формирование);;;;;;;;;509289;100;122.19;12.47;;;;;;;;
Центральный фронт (1-е формирование);143005;100;55,45;55,45;;;;;;;;;;;;;;;;
Резервный (2-е формирование), Курский, Орловский, Брянский (3-е формирование);;;;;;;;;318266;100;72,75;10,39;;;;;;;;
Резервный фронт (1-е формирование);323761;100;71,58;28,64;;;;;;;;;;;;;;;;
Северный фронт;148364;100;22,52;10,73;;;;;;;;;;;;;;;;
