Фронт,армия;Количество суток;Ранено, контужено, обожжено_Количество_Офицеры;Ранено, контужено, обожжено_% к потерям_Офицеры;Заболело_Количество_Офицеры;Заболело_% к потерям_Офицеры;Обморожено_Количество_Офицеры;Обморожено_% к потерям_Офицеры;Итого санитарных потерь_Количество_Офицеры;Итого санитарных потерь_% к потерям_Офицеры;Итого санитарных потерь_% потерь к численности личного состава_Офицеры;Итого санитарных потерь_% среднемесячных потерь к численности личного состава_Офицеры;Ранено, контужено, обожжено_Количество_Сержанты;Ранено, контужено, обожжено_% к потерям_Сержанты;Заболело_Количество_Сержанты;Заболело_% к потерям_Сержанты;Обморожено_Количество_Сержанты;Обморожено_% к потерям_Сержанты;Итого санитарных потерь_Количество_Сержанты;Итого санитарных потерь_% к потерям_Сержанты;Итого санитарных потерь_% потерь к численности личного состава_Сержанты;Итого санитарных потерь_% среднемесячных потерь к численности личного состава_Сержанты;Ранено, контужено, обожжено_Количество_Солдаты;Ранено, контужено, обожжено_% к потерям_Солдаты;Заболело_Количество_Солдаты;Заболело_% к потерям_Солдаты;Обморожено_Количество_Солдаты;Обморожено_% к потерям_Солдаты;Итого санитарных потерь_Количество_Солдаты;Итого санитарных потерь_% к потерям_Солдаты;Итого санитарных потерь_% потерь к численности личного состава_Солдаты;Итого санитарных потерь_% среднемесячных потерь к численности личного состава_Солдаты;Ранено, контужено, обожжено_Количество_Всего;Ранено, контужено, обожжено_% к потерям_Всего;Заболело_Количество_Всего;Заболело_% к потерям_Всего;Обморожено_Количество_Всего;Обморожено_% к потерям_Всего;Итого санитарных потерь_Количество_Всего;Итого санитарных потерь_% к потерям_Всего;Итого санитарных потерь_% потерь к численности личного состава_Всего;Итого санитарных потерь_% среднемесячных потерь к численности личного состава_Всего
1-ый Дальневосточный фронт;25;1097;55,07;116;5,82;;;1213;60,89;1,60;1,60;3824;61,22;455;7,29;;;4279;68,51;2,78;2,78;8037;62,63;1216;9,48;;;9253;72,11;2,59;2,59;12958;61,50;1787;8,48;;;14745;69,98;2,51;2,51
14-ая отдельная армия;176;21;4,52;384;82,58;1;0,21;406;87,31;4,14;0,73;91;4,78;1711;89,96;2;0,11;1804;94,85;9,97;1,75;254;4,03;5789;91,82;7;0,11;6050;95,96;13,01;2,28;366;4,22;7884;90,91;10;0,12;8260;95,25;11,11;1,85
2-ой Белорусский (1-е формирование) фронт;42;991;61,02;193;11,89;;;1184;72,91;4,87;3,75;3027;65,88;326;7,09;;;3353;72,97;9,26;7,12;10404;64,85;1800;11,22;;;12204;76,07;10,45;8,04;14422;64,78;2319;10,42;;;16741;75,20;9,44;7,26
2-ой Белорусский (2-е формирование) фронт;381;30513;60,17;7157;14,12;5;0,01;37675;74,30;47,27;3,78;80392;64,68;14948;12,02;15;0,01;95355;76,71;71,97;5,75;289777;63,56;71965;15,79;33;0,01;361775;79,36;105,17;8,41;400682;63,51;94070;14,91;53;0,01;494805;78,43;88,96;7,12
2-ой Дальневосточный фронт;25;330;58,93;2;0,36;;;332;59,29;0,73;0,73;1308;67,04;3;0,16;;;1311;67,20;1,53;1,53;1474;47,98;17;0,56;;;1491;48,54;0,73;0,73;3112;55,74;22;0,39;;;3134;56,13;0,93;0,93
3-ий Белорусский фронт;381;42309;62,95;8389;12,48;1;0,01;50699;75,43;52,70;4,22;104987;66,48;16800;10,64;8;;121795;77,13;81,91;6,55;409189;66,19;85586;13,84;28;;494803;80,03;128,62;10,29;556485;65,99;110775;13,13;37;;667297;79,12;105,99;8,48
3-ий Прибалтийский фронт;179;10867;64,47;1910;11,34;;;12777;75,81;28,46;4,90;22961;66,22;3439;9,91;;;26400;76,13;42,17;7,27;96599;66,39;18100;12,44;;;114699;78,83;66,53;11,47;130427;66,20;23449;11,90;;;153876;78,10;54,97;9,48
37-ая отдельная армия;146;;;373;90,53;;;373;90,53;3,52;0,73;;;936;91,32;;;936;91,32;4,36;0,91;2;0,06;2988;90,88;;;2990;90,94;5,14;1,07;2;0,04;4297;90,94;;;4299;90,98;4,76;0,99
4-ая отдельная армия;80;1503;57,45;100;3,82;14;0,54;1617;61,81;26,08;10,03;3215;56,16;137;2,39;65;1,14;3417;59,69;39,28;15,11;19750;55,18;880;2,46;724;2,02;21354;59,66;49,09;18,88;24468;55,44;1117;2,53;803;1,82;26388;59,79;45,19;17,38
51-ая отдельная армия;94;1030;26,20;111;2,82;1;0,03;1142;29,05;14,10;4,55;1907;25,58;158;2,12;;;2065;27,70;16,13;5,20;11451;20,20;1194;2,11;;;12645;22,31;14,77;4,76;14388;21,14;1463;2,15;1;;15852;23,29;14,88;4,80
52-отдельная армия;81;540;47,33;55;4,82;5;0,44;600;52,59;11,11;4,27;818;32,35;23;0,91;12;0,47;853;33,73;11,37;4,37;6077;33,53;411;2,27;94;0,52;6582;36,32;16,66;6,41;7435;34,12;489;2,24;111;0,51;8035;36,87;15,33;5,90
7-ая отдельная армия;883;2169;48,92;907;20,45;8;0,18;3084;69,55;29,09;1,00;5681;47,50;2522;21,08;22;0,18;8225;68,76;44,95;1,55;27455;42,65;17250;26,80;411;0,64;45116;70,09;74,45;2,57;35305;43,72;20679;25,60;441;0,55;56425;69,87;63,05;2,18
Брянский фронт (1-е и 2-е формирование);529;20227;45,36;2278;5,11;56;0,13;22561;50,60;56,14;3,24;45108;45,55;4191;4,23;159;0,16;49458;49,94;86,34;4,99;179132;40,42;30984;6,99;1603;0,36;211719;47,77;100,56;5,81;244467;41,66;37453;6,38;1818;0,31;283738;48,35;97,39;5,63
Войска Московской зоны обороны;667;157;31,65;168;33,87;;;325;65,52;2,93;0,13;214;18,02;498;41,92;1;0,08;713;60,02;3,67;0,17;896;12,45;3858;53,59;5;0,07;4759;66,11;7,71;0,35;1267;14,26;4524;50,93;6;0,07;5797;65,26;6,29;0,29
Волховский фронт (1-е и 2-е формирование);746;45705;55,97;7893;9,66;81;0,10;53679;65,73;95,01;3,88;94936;59,25;12919;8,06;315;0,20;108170;67,51;156,77;6,40;410073;56,64;90974;12,57;4338;0,60;505385;69,81;229,62;9,37;550714;57,02;111786;11,57;4734;0,49;667234;69,08;193,06;7,88
Воронежский фронт и 1-ый Украинский фронт;1036;124254;60,57;20074;9,79;57;0,03;144385;70,39;144,67;4,26;330993;63,64;38465;7,39;140;0,03;369598;71,06;232,16;6,83;1177271;62,77;191709;10,22;1001;0,05;1369981;73,04;306,28;9,00;1632518;62,77;250248;9,62;1198;0,05;1883964;72,44;266,74;7,85
Восточный и Сталинградский (2-е формирование) фронты;147;13215;44,46;1017;3,43;12;0,04;14244;47,93;28,32;5,90;29092;45,22;1406;2,19;50;0,08;30548;47,49;45,53;9,48;108436;43,62;7651;3,08;418;0,17;116505;46,87;55,35;11,53;150743;44,00;10074;2,94;480;0,14;161297;47,08;49,19;10,25
Забайкальский фронт;25;271;38,93;184;26,44;;;455;65,37;0,58;0,58;983;44,95;462;21,12;;;1445;66,07;0,94;0,94;1905;34,63;2350;42,73;;;4255;77,36;1,05;1,05;3159;37,68;2996;35,74;;;6155;73,42;0,96;0,96
Закавказский фронт (2-е формирование);320;16594;51,55;2740;8,51;180;0,56;19514;60,63;14,12;1,35;32288;50,92;4610;7,27;721;1,14;37619;59,33;20,83;1,98;122637;45,26;29459;10,87;3207;1,18;155303;57,31;23,37;2,22;171519;46,79;36809;10,04;4108;1,12;212436;57,95;21,60;2,06
Западный фронт;1037;122483;48,41;18637;7,37;270;0,11;141390;55,89;129,83;3,82;279888;50,35;31310;5,63;707;0,13;311905;56,11;208,77;6,14;1301150;47,74;238096;8,73;6445;0,24;1545691;56,71;303,50;8,93;1703521;48,20;288043;8,15;7422;0,21;1998986;56,56;260,42;7,66
Кавказский фронт;29;844;29,94;85;3,02;126;4,47;1055;37,43;1,92;1,92;1637;28,23;134;2,31;292;5,04;2063;35,58;2,68;2,68;7068;19,55;1538;4,25;2511;6,94;11117;30,74;2,94;2,94;9549;21,33;1757;3,92;2929;6,54;14235;31,79;2,79;2,79
Калининский фронт, 1-ый Прибалтийский фронт, Земландская группа войск;1262;97351;60,37;16662;10,34;96;0,06;114109;70,77;160,27;3,87;244001;62,03;35706;9,09;516;0,13;280223;71,25;266,37;6,43;955129;59,02;195638;12,09;6663;0,41;1157430;71,52;369,20;8,92;1296481;59,67;248006;11,41;7275;0,33;1551762;71,41;316,75;7,65
Карельский фронт;1172;11466;46,71;5462;22,25;71;0,29;16999;69,25;47,75;1,24;35925;48,06;18795;25,14;418;0,56;55138;73,76;95,23;2,48;132604;41,31;102146;31,82;2938;0,92;237688;74,05;132,34;3,45;179995;42,83;126403;30,08;3427;0,81;309825;73,72;113,45;2,95
Крымский фронт;111;6019;27,69;445;2,05;5;0,02;6469;29,76;23,44;6,51;12925;29,75;500;1,15;41;0,09;13466;30,99;31,69;8,80;56803;26,69;6026;2,83;472;0,22;63301;29,74;37,00;10,28;75747;27,24;6971;2,51;518;0,19;83236;29,94;34,51;9,59
Ленинградский фронт;1353;67822;55,39;19101;15,61;91;0,07;87014;71,07;112,27;2,54;176583;57,78;46252;15,14;452;0,15;223287;73,07;197,08;4,44;705356;53,16;267973;20,20;3743;0,28;977072;73,64;292,89;6,60;949761;54,12;333326;18,99;4286;0,25;1287373;73,36;245,49;5,53
Отдельная Приморская армия (2-е формирование);504;2883;41,74;2369;34,30;17;0,24;5269;76,28;37,91;2,30;7385;48,87;4572;30,25;66;0,44;12023;79,56;55,92;3,39;22093;45,89;16507;34,29;177;0,36;38777;80,54;68,51;4,15;32361;46,12;23448;33,42;260;0,37;56069;79,91;60,94;3,69
Прибалтийский и 2-ой Прибалтийский фронты;539;44810;61,37;10732;14,70;15;0,02;55557;76,09;77,81;4,40;108806;63,53;24051;14,04;70;0,04;132927;77,61;125,64;7,10;379943;61,27;110523;17,82;218;0,03;490684;79,12;180,13;10,17;533559;61,72;145306;16,81;303;0,04;679168;78,57;151,06;8,53
Приморская армия (1-е формирование);310;3192;25,05;253;1,99;6;0,05;3451;27,09;45,41;4,54;5706;28,03;444;2,18;12;0,06;6162;30,27;55,51;5,55;44322;34,22;3490;2,70;419;0,32;48231;37,24;87,38;8,74;53220;32,73;4187;2,57;437;0,27;57844;35,57;78,27;7,83
Резервный (2-е формирование), Курский, Орловский, Брянский (3-е формирование);213;15969;66,09;1104;4,57;;;17073;70,66;26,49;3,78;48920;68,58;2301;3,23;;;51221;71,81;54,63;7,80;149848;67,26;16927;7,60;;;166775;74,86;60,88;8,70;214737;67,47;20332;6,39;;;235069;73,86;53,74;7,68
Резервный фронт (1-е формирование);76;9588;41,86;113;0,49;;;9701;42,35;23,49;9,40;10800;27,48;123;0,31;;;10923;27,79;18,00;7,20;118063;45,14;1033;0,39;;;119096;45,53;34,00;13,60;138451;42,76;1269;0,39;;;139720;43,15;30,89;12,36
Северный фронт;64;3826;38,56;231;2,32;-;-;4057;40,88;6,35;3,02;7279;39,83;284;1,55;-;-;7563;41,38;7,96;3,79;49166;40,92;2119;1,76;-;-;51285;42,68;10,26;4,88;60271;40,62;2634;1,78;-;-;62905;42,40;9,55;4,55
Северо-Кавказский фронт (1-е формирование);107;3256;32,15;377;3,72;;;3633;35,87;12,03;3,44;5257;26,88;925;4,73;;;6182;31,61;14,76;4,22;21938;23,00;3999;4,19;;;25937;27,19;19,10;5,45;30451;24,34;5301;4,24;;;35752;28,58;17,20;4,91
Северо-Кавказский фронт (2-е формирование);301;25588;54.47;8098;17.24;198;0.43;33884;72.14;50.50;5.15;50367;58.93;11688;13.67;401;0.47;62456;73.07;74.09;7.56;210549;55.87;69970;18.57;3126;0.83;283645;75.27;106.88;10.91;286504;56.26;89756;17.62;3725;0.73;379985;74.61;91.17;9.30
Северо-западный фронт;882;45032;53,76;6928;8,27;63;0,07;52023;62,10;104,89;3,63;99542;53,90;13824;7,49;188;0,10;113554;61,49;176,88;6,12;446587;49,83;95097;10,61;2060;0,23;543744;60,67;245,37;8,49;591161;50,75;115849;9,95;2311;0,20;709321;60,90;211,49;7,32
Сталинградский (1-е формирование) и Донской фронты;218;27099;40,98;2050;3,10;44;0,07;29193;44,15;44,43;6,26;60352;43,53;3188;2,30;94;0,07;63634;45,90;75,22;10,59;248031;42,24;21133;3,60;920;0,15;270084;45,99;96,29;13,56;;;;;;;362911;45,83;84,24;11,86
Степной, 2-ой Украинский фронты;671;69973;59,05;17199;14,52;35;0,03;87207;73,60;93,97;4,27;178094;63,13;30334;10,75;28;0,01;208456;73,89;149,75;6,80;764871;64,90;148009;12,56;230;0,02;913110;77,48;222,28;10,10;1012938;64,15;195542;12,38;293;0,02;1208773;76,55;188,05;8,55
Центральный (2-е формирование), Белорусский (1-е и 2-е формирования), 1-ый Белорусский (1-е и 2-е формирования);815;94945;60,36;19701;12,52;15;0,01;114661;72,89;100,32;3,75;261030;64,56;39599;9,79;70;0,02;300699;74,37;164,23;6,15;909182;63,71;179344;12,57;474;0,03;1089000;76,31;219,29;8,21;1265157;63,62;238644;11,99;559;0,03;1504360;75,64;189,47;7,10
Центральный фронт (1-е формирование);32;2442;22,60;69;0,63;;;2511;23,23;9,10;9,10;3588;19,06;68;0,37;;;3656;19,43;10,69;10,69;25620;22,60;210;0,18;;;25830;22,78;13,17;13,17;31650;22,13;347;0,24;;;31997;22,37;12,41;12,41
Юго-Западный (2-е формирование) и 3-ий Украинский;928;76101;58,63;17042;13,13;167;0,13;93310;71,89;128,70;4,23;193069;63,04;29684;9,69;731;0,24;223484;72,97;216,76;7,13;746988;63,20;139645;11,81;4198;0,36;890831;75,37;289,61;9,53;1016158;62,80;186371;11,52;5096;0,32;1207625;74,64;249,92;8,22
Юго-Западный фронт (1-е формирование);386;21536;21,19;1747;1,72;445;0,43;23728;23,34;38,71;3,07;37815;20,22;2226;1,19;1440;0,77;41481;22,18;52,84;4,19;211716;20,50;16194;1,57;11411;1,10;239321;23,17;71,74;5,69;271067;20,50;20167;1,53;13296;1,01;304530;23,04;64,33;5,11
Южный (2-е формирование) и 4-ый Украинский фронты;795;60830;60,69;11360;11,33;172;0,17;72362;72,19;114,41;4,38;139711;63,63;19329;8,81;421;0,19;159461;72,63;180,67;6,92;620296;65,32;97165;10,23;3061;0,32;720522;75,87;274,33;10,51;820837;64,66;127854;10,07;3654;0,29;952345;75,02;229,95;8,81
Южный фронт (1-е формирование);399;20289;36,86;2959;5,38;630;1,14;23878;43,38;40,61;3,10;46379;44,07;4471;4,26;2285;2,17;53135;50,50;67,60;5,17;216302;34,20;33435;5,29;17280;2,73;267017;42,22;75,28;5,76;282970;35,70;40865;5,15;20195;2,55;344030;43,40;69,91;5,34
