Год;Квартал;Среднемесячная списочная численность;Безвозвратные потери (количество);Безвозвратные потери (% от всех потерь);Безвозвратные потери (% к численности);Безвозвратные потери (% среднемесячных потерь к численности);Санитарные потери (количество);Санитарные потери (% от всех потерь);Санитарные потери (% к численности);Санитарные потери (% среднемесячных потерь к численности);Все потери (количество);Все потери (% от всех потерь);Все потери (% к численности);Все потери (% среднемесячных потерь к численности)
1941;III квартал;260200;25071;70,28;9,64;2,92;10602;29,72;4,07;1,23;35673;100;13,71;4,15
1941;IV квартал;280600;34732;75,65;12,38;4,12;11178;24,35;3,98;1,33;45910;100;16,36;5,45
1941;Итого за год;547800;59803;73,30;21,80;3,46;21780;26,70;7,94;1,26;81583;100;29,74;4,72
1942;I квартал;251400;20049;73,71;7,97;2,66;7150;26,29;2,84;0,95;27199;100;10,81;3,61
1942;II квартал;283000;7426;62,70;2,62;0,87;4417;37,30;1,56;0,52;11843;100;4,18;1,39
1942;III квартал;282000;42498;90,01;15,07;5,02;4715;9,99;1,67;0,56;47213;100;16,74;5,58
1942;IV квартал;274900;3924;42,82;1,43;0,48;5241;57,18;1,90;0,64;9165;100;3,33;1,12
1942;Итого за год;284700;73897;77,44;25,96;2,16;21523;22,56;7,56;0,63;95420;100;33,52;2,79
1943;I квартал;253800;2652;42,82;1,04;0,35;3541;57,18;1,40;0,47;6193;100;2,44;0,82
1943;II квартал;255460;2995;42,90;1,17;0,39;3987;57,10;1,56;0,52;6982;100;2,73;0,91
1943;III квартал;226800;2469;42,12;1,09;0,36;3393;57,88;1,50;0,50;5862;100;2,59;0,86
1943;IV квартал;242250;2653;31,42;1,10;0,37;5791;68,58;2,39;0,80;8444;100;3,49;1,17
1943;Итого за год;257460;10769;39,19;4,18;0,35;16712;60,81;6,49;0,54;27481;100;10,67;0,89
1944;I квартал;248770;2038;22,06;0,82;0,27;7200;77,94;2,89;0,96;9238;100;3,71;1,23
1944;II квартал;262300;2653;29,12;1,01;0,34;6459;70,88;2,46;0,82;9112;100;3,47;1,16
1944;III квартал;268750;2029;37,88;0,75;0,25;3327;62,12;1,24;0,41;5356;100;1,99;0,66
1944;IV квартал;295800;1876;35,26;0,63;0,21;3445;64,74;1,16;0,39;5321;100;1,79;0,60
1944;Итого за год;273200;8596;29,61;3,15;0,26;20431;70,39;7,48;0,62;29027;100;10,63;0,88
1945;I квартал;307900;386;9,75;0,13;0,04;3575;90,25;1,16;0,39;3961;100;1,29;0,43
1945;II квартал;312700;290;25,39;0,09;0,07;852;74,61;0,27;0,21;1142;100;0,36;0,28
1945;Итого за год;311000;676;13,25;0,22;0,05;4427;86,75;1,42;0,33;5103;100;1,64;0,38
Всего за войну;;270000;153741;64,43;56,94;1,22;84873;35,57;31,43;0,68;238614;100;88,37;1,90