Фронт,армия;Количество суток;Убито и умерло на этапах санитарной эвакуации_Количество_Офицеры;Убито и умерло на этапах санитарной эвакуации_% к потреям_Офицеры;Пропало без вести, попало в плен_Количество_Офицеры;Пропало без вести, попало в плен_% к потерям_Офицеры;Небоевые потери_Количество_Офицеры;Небоевые потери_% к потерям_Офицеры;Итого безвозвратных потерь_Количество_Офицеры;Итого безвозвратных потерь_% к потерям_Офицеры;Итого безвозвратных потерь_% потерь к численности личного состава_Офицеры;Итого безвозвратных потерь_% среднемесячных потерь к численности личного состава_Офицеры;Убито и умерло на этапах санитарной эвакуации_Количество_Сержанты;Убито и умерло на этапах санитарной эвакуации_% к потреям_Сержанты;Пропало без вести, попало в плен_Количество_Сержанты;Пропало без вести, попало в плен_% к потерям_Сержанты;Небоевые потери_Количество_Сержанты;Небоевые потери_% к потерям_Сержанты;Итого безвозвратных потерь_Количество_Сержанты;Итого безвозвратных потерь_% к потерям_Сержанты;Итого безвозвратных потерь_% потерь к численности личного состава_Сержанты;Итого безвозвратных потерь_% среднемесячных потерь к численности личного состава_Сержанты;Убито и умерло на этапах санитарной эвакуации_Количество_Солдаты;Убито и умерло на этапах санитарной эвакуации_% к потреям_Солдаты;Пропало без вести, попало в плен_Количество_Солдаты;Пропало без вести, попало в плен_% к потерям_Солдаты;Небоевые потери_Количество_Солдаты;Небоевые потери_% к потерям_Солдаты;Итого безвозвратных потерь_Количество_Солдаты;Итого безвозвратных потерь_% к потерям_Солдаты;Итого безвозвратных потерь_% потерь к численности личного состава_Солдаты;Итого безвозвратных потерь_% среднемесячных потерь к численности личного состава_Солдаты;Убито и умерло на этапах санитарной эвакуации_Количество_Всего;Убито и умерло на этапах санитарной эвакуации_% к потреям_Всего;Пропало без вести, попало в плен_Количество_Всего;Пропало без вести, попало в плен_% к потерям_Всего;Небоевые потери_Количество_Всего;Небоевые потери_% к потерям_Всего;Итого безвозвратных потерь_Количество_Всего;Итого безвозвратных потерь_% к потерям_Всего;Итого безвозвратных потерь_% потерь к численности личного состава_Всего;Итого безвозвратных потерь_% среднемесячных потерь к численности личного состава_Всего
1-ый Дальневосточный фронт;25;603;30,27;39;1,96;137;6,88;779;39,11;1,03;1,03;1657;26,53;109;1,74;201;3,22;1967;31,49;1,28;1,28;2894;22,55;233;1,82;451;3,52;3578;27,89;1,00;1,00;5154;24,46;381;1,81;789;3,75;6324;30,02;1,08;1,08
14-ая отдельная армия;176;15;3,23;6;1,29;38;8,17;59;12,69;0,60;0,10;39;2,05;;;59;3,10;98;5,15;0,54;0,09;107;1,70;2;0,03;146;2,31;255;4,04;0,55;0,10;161;1,86;8;0,09;243;2,80;412;4,75;0,55;0,10
2-ой Белорусский (1-е формирование) фронт;42;406;25,00;28;1,72;6;0,37;440;27,09;1,81;1,39;1119;24,35;108;2,35;15;0,33;1242;27,03;3,43;2,64;3462;21,58;315;1,96;63;0,39;3840;23,93;3,29;2,53;4987;22,40;451;2,02;84;0,38;5522;24,80;3,11;2,40
2-ой Белорусский (2-е формирование) фронт;381;11676;23,03;802;1,57;557;1,10;13035;25,70;16,36;1,31;26474;21,30;1294;1,04;1178;0,95;28946;23,29;21,84;1,75;82950;18,19;7255;1,59;3911;0,86;94116;20,64;27,36;2,19;121100;19,20;9351;1,48;5646;0,89;136097;21,57;24,47;1,96
2-ой Дальневосточный фронт;25;224;40,00;3;0,53;1;0,18;228;40,71;0,51;0,51;564;28,91;67;3,43;9;0,46;640;32,80;0,75;0,75;1220;39,71;342;11,13;19;0,62;1581;51,46;0,78;0,78;2008;35,97;412;7,38;29;0,52;2449;43,87;0,73;0,73
3-ий Белорусский фронт;381;15196;22,61;826;1,22;496;0,74;16518;24,57;17,17;1,37;33642;21,30;1488;0,94;987;0,63;36117;22,87;24,29;1,94;112848;18,25;6978;1,13;3669;0,59;123495;19,97;32,10;2,57;161686;19,17;9292;1,10;5152;0,61;176130;20,88;27,97;2,24
3-ий Прибалтийский фронт;179;3773;22,39;225;1,33;80;0,47;4078;24,19;9,08;1,57;7814;22,53;308;0,89;154;0,45;8276;23,87;13,22;2,28;28123;19,33;2000;1,38;678;0,46;30801;21,17;17,87;3,08;39710;20,15;2533;1,29;912;0,46;43155;21,90;15,42;2,66
37-ая отдельная армия;146;;;;;39;9,47;39;9,47;0,37;0,07;;;;;89;8,68;89;8,68;0,41;0,08;;;;;298;9,06;298;9,06;0,51;0,10;;;;;426;9,02;426;9,02;0,47;0,09
4-ая отдельная армия;80;692;26,45;205;7,84;102;3,90;999;38,19;16,11;6,20;1578;27,56;510;8,91;220;3,84;2308;40,31;26,53;10,20;8676;24,25;4675;13,06;1085;3,03;14436;40,34;33,19;12,76;10946;24,81;5390;12,21;1407;3,19;17743;40,21;30,38;11,68
51-ая отдельная армия;94;542;13,79;1852;47,11;395;10,05;2789;70,95;34,43;11,11;1304;17,49;3063;41,09;1023;13,72;5390;72,30;42,11;13,58;7634;13,47;27258;48,10;9132;16,12;44024;77,69;51,43;16,59;9480;13,93;32173;47,28;10550;15,50;52203;76,71;49,02;15,81
52-отдельная армия;81;225;19,72;293;25,68;23;2,01;541;47,41;10,02;3,85;521;20,60;989;39,11;166;6,56;1676;66,27;22,35;8,59;2811;15,51;8356;46,10;375;2,08;11542;63,67;29,22;11,24;3557;16,32;9638;44,22;564;2,59;13759;63,13;26,26;10,10
7-ая отдельная армия;883;1036;23,37;235;5,30;79;1,78;1350;30,45;12,74;0,44;2785;23,28;761;6,36;191;1,60;3737;31,24;20,42;0,71;11971;18,60;6014;9,34;1265;1,97;19250;29,91;31,77;1,10;15792;19,55;7010;8,68;1535;1,90;24337;30,13;27,19;0,94
Брянский фронт (1-е и 2-е формирование);529;8399;18,83;13109;29,40;522;1,17;22030;49,40;54,81;3,17;20049;20,24;27817;28,09;1720;1,73;49586;50,06;86,57;5,00;73492;16,58;149385;33,71;8616;1,94;231493;52,23;109,95;6,36;101940;17,37;190311;32,43;10858;1,85;303109;51,65;104,04;6,01
Войска Московской зоны обороны;667;94;18,95;17;3,43;60;12,10;171;34,48;1,54;0,07;132;11,11;55;4,63;288;24,24;475;39,98;2,45;0,11;668;9,28;668;9,28;1104;15,33;2440;33,89;3,95;0,18;894;10,06;740;8,33;1452;16,35;3086;34,74;3,35;0,15
Волховский фронт (1-е и 2-е формирование);746;17428;21,34;9788;11,99;770;0,94;27986;34,27;49,53;2,02;36027;22,49;14759;9,21;1267;0,79;52053;32,49;75,44;3,08;145254;20,06;64776;8,95;8554;1,18;218584;30,19;99,31;4,05;198709;20,57;89323;9,25;10591;1,10;298623;30,92;86,41;3,53
Воронежский фронт и 1-ый Украинский фронт;1036;45533;22,20;12881;6,28;2334;1,13;60748;29,61;60,87;1,79;111337;21,41;33368;6,42;5807;1,11;150512;28,94;94,54;2,78;344528;18,37;135876;7,24;25264;1,35;505668;26,96;113,05;3,33;501398;19,28;182125;7,00;33405;1,28;716928;27,56;101,50;2,98
Восточный и Сталинградский (2-е формирование) фронты;147;6194;20,84;8931;30,05;352;1,18;15477;52,07;30,77;6,41;12505;19,44;20259;31,50;1009;1,57;33773;52,51;50,33;10,49;47632;19,16;75300;30,30;9116;3,67;132048;53,13;62,73;13,07;66331;19,36;104490;30,50;10477;3,06;181298;52,92;55,29;11,52
Забайкальский фронт;25;162;23,28;5;0,72;74;10,63;241;34,63;0,30;0,30;566;25,88;8;0,37;168;7,68;742;33,93;0,48;0,48;955;17,37;10;0,18;280;5,09;1245;22,64;0,31;0,31;1683;20,08;23;0,27;522;6,23;2228;26,58;0,35;0,35
Закавказский фронт (2-е формирование);320;7022;21,82;5120;15,90;532;1,65;12674;39,37;9,17;0,87;14213;22,41;10419;16,43;1161;1,83;25793;40,67;14,28;1,36;51454;18,99;56790;20,95;7447;2,75;115691;42,69;17,41;1,66;72689;19,83;72329;19,73;9140;2,49;154158;42,05;15,68;1,49
Западный фронт;1037;46086;18,22;61875;24,46;3623;1,43;111584;44,11;102,46;3,01;104016;18,72;130511;23,48;9421;1,69;243948;43,89;163,29;4,80;436234;16,01;674218;24,74;69305;2,54;1179757;43,29;231,64;6,81;586336;16,59;866604;24,52;82349;2,33;1535289;43,44;200,01;5,88
Кавказский фронт;29;596;21,14;1027;36,43;141;5,00;1764;62,57;3,21;3,21;1358;23,42;2073;35,75;305;5,25;3736;64,42;4,85;4,85;5950;16,45;17292;47,82;1805;4,99;25047;69,26;6,63;6,63;7904;17,65;20392;45,53;2251;5,03;30547;68,21;5,99;5,99
Калининский фронт, 1-ый Прибалтийский фронт, Земландская группа войск;1262;38938;24,15;6655;4,12;1544;0,96;47137;29,23;66,20;1,60;95286;24,22;13755;3,50;4069;1,03;113110;28,75;107,52;2,60;356422;22,02;79888;4,94;24572;1,52;460882;28,48;147,01;3,55;490646;22,58;100298;4,62;30185;1,39;621129;28,59;126,79;3,06
Карельский фронт;1172;5192;21,15;1897;7,73;460;1,87;7549;30,75;21,21;0,56;15598;20,87;3321;4,44;692;0,93;19611;26,24;33,87;0,88;54745;17,06;25327;7,89;3203;1,00;83275;25,95;46,37;1,20;75535;17,97;30545;7,27;4355;1,04;110435;26,28;40,44;1,05
Крымский фронт;111;2722;12,52;12446;57,27;97;0,45;15265;70,24;55,31;15,36;5952;13,70;23835;54,84;206;0,47;29993;69,01;70,57;19,60;22377;10,51;125609;59,02;1563;0,73;149549;70,26;87,40;24,28;31051;11,17;161890;58,22;1866;0,67;194807;70,06;80,76;22,43
Ленинградский фронт;1353;26789;21,88;6664;5,44;1971;1,61;35424;28,93;45,71;1,03;64523;21,11;14225;4,66;3550;1,16;82298;26,93;72,64;1,64;240747;18,14;90253;6,80;18803;1,42;349803;26,36;104,85;2,36;332059;18,92;111142;6,33;24324;1,39;467525;26,64;89,16;2,01
Отдельная Приморская армия (2-е формирование);504;1327;19,21;220;3,19;91;1,32;1638;23,72;11,78;0,71;2579;17,07;332;2,20;178;1,17;3089;20,44;14,37;0,87;7741;16,08;1111;2,31;515;1,07;9367;19,46;16,55;1,00;11647;16,60;1663;2,37;784;1,12;14094;20,09;15,32;0,93
Прибалтийский и 2-ой Прибалтийский фронты;539;15728;21,54;1358;1,86;370;0,51;17456;23,91;24,45;1,38;35707;20,85;1668;0,97;967;0,57;38342;22,39;36,24;2,05;115804;18,67;10092;1,63;3566;0,58;129462;20,88;47,53;2,69;167239;19,35;13118;1,52;4903;0,57;185260;21,43;41,21;2,33
Приморская армия (1-е формирование);310;968;7,60;8192;64,32;126;0,99;9286;72,91;122,18;12,22;1828;8,98;12099;59,42;271;1,33;14198;69,73;127,91;12,79;9224;7,12;63930;49,36;8130;6,28;81284;62,76;147,25;14,72;12020;7,39;84221;51,79;8527;5,25;104768;64,43;141,77;14,18
Резервный (2-е формирование), Курский, Орловский, Брянский (3-е формирование);213;6685;27,67;312;1,29;91;0,38;7088;29,54;11,00;1,57;18498;25,93;1407;1,97;207;0,29;20112;28,19;21,45;3,07;48514;21,78;6473;2,91;1010;0,45;55997;25,14;20,44;2,92;73997;23,25;8192;2,57;1308;0,41;83197;26,14;19,01;2,71
Резервный фронт (1-е формирование);76;2942;12,84;10003;43,67;262;1,14;13207;57,65;31,98;12,79;6246;15,89;21384;54,41;750;1,91;28380;72,21;46,75;18,70;29267;11,19;107243;41,01;5944;2,27;142454;54,47;40,67;16,27;38455;11,88;138630;42,82;6956;2,15;184041;56,85;40,69;16,28
Северный фронт;64;1938;19,54;3791;38,20;137;1,38;5866;59,12;9,18;4,37;3326;18,20;7075;38,71;313;1,71;10714;58,62;11,28;5,37;17070;14,20;50671;42,17;1138;0,95;68879;57,32;13,77;6,56;22334;15,05;61537;41,48;1588;1,07;85459;57,60;12,97;6,18
Северо-Кавказский фронт (1-е формирование);107;1543;15,23;4640;45,81;313;3,09;6496;64,13;21,51;6,15;2545;13,01;9958;50,92;872;4,46;13375;68,39;31,92;9,12;10055;10,54;54277;56,89;5134;5,38;69466;72,81;51,15;14,62;14143;11,31;68875;55,06;6319;5,05;89337;71,42;42,97;12,28
Северо-Кавказский фронт (2-е формирование);301;10545;22.45;2018;4.30;526;1.11;13089;27.86;19.50;1.99;18763;21.95;3355;3.92;902;1.06;23020;26.93;27.31;2.79;70184;18.62;18503;4.91;4508;1.20;93195;24.73;35.11;3.58;99492;19.54;23876;4.69;5936;1.16;129304;25.39;31.02;3.17
Северо-западный фронт;882;19446;23,21;10877;12,98;;;31745;37,90;64,00;2,21;42772;23,16;26066;14,12;;;71118;38,51;110,78;3,83;180629;20,15;155498;17,35;;;352462;39,33;159,05;5,50;242847;20,85;192441;16,53;;;455325;39,10;135,76;4,70
Сталинградский (1-е формирование) и Донской фронты;218;11303;17,09;25056;37,90;571;0,86;36930;55,85;56,21;7,92;22526;16,25;50382;36,35;2086;1,50;74994;54,10;88,64;12,49;82301;14,02;223692;38,10;11126;1,89;317119;54,01;113,05;15,92;;;;;;;429043;54,17;99,59;14,03
Степной, 2-ой Украинский фронты;671;25321;21,37;5141;4,34;818;0,69;31280;26,40;33,71;1,53;57558;20,40;14024;4,98;2069;0,73;73651;26,11;52,91;2,41;207779;17,63;51481;4,37;6199;0,52;265459;22,52;64,62;2,94;290658;18,41;70646;4,47;9086;0,57;370390;23,45;57,62;2,62
Центральный (2-е формирование), Белорусский (1-е и 2-е формирования), 1-ый Белорусский (1-е и 2-е формирования);815;36866;23,43;4141;2,63;1647;1,05;42654;27,11;37,32;1,40;90258;22,32;9384;2,32;3986;0,99;103628;25,63;56,60;2,12;283804;19,88;39281;2,76;15024;1,05;338109;23,69;68,08;2,55;410928;20,66;52806;2,66;20657;1,04;484391;24,36;61,00;2,28
Центральный фронт (1-е формирование);32;931;8,61;2568;23,77;4797;44,39;8296;76,77;30,06;30,06;1330;7,06;4093;21,75;9741;51,76;15164;80,57;44,34;44,34;6938;6,12;39163;34,54;41447;36,56;87548;77,22;44,64;44,64;9199;6,43;45824;32,05;55985;39,15;111008;77,63;43,04;43,04
Юго-Западный (2-е формирование) и 3-ий Украинский;928;28615;22,05;6851;5,27;1025;0,79;36491;28,11;50,33;1,66;65155;21,27;14994;4,90;2634;0,86;82783;27,03;80,30;2,64;217211;18,38;61714;5,22;12177;1,03;291102;24,63;94,64;3,11;310981;19,22;83559;5,16;15836;0,98;410376;25,36;84,93;2,79
Юго-Западный фронт (1-е формирование);386;10144;9,98;65552;64,49;2227;2,19;77923;76,66;127,12;10,09;18580;9,94;121847;65,16;5098;2,72;145525;77,82;185,38;14,71;89441;8,66;656044;63,51;48165;4,66;793650;76,83;237,90;18,88;118165;8,94;843443;63,82;55490;4,20;1017098;76,96;214,85;17,05
Южный (2-е формирование) и 4-ый Украинский фронты;795;21911;21,86;4971;4,96;994;0,99;27876;27,81;44,07;1,69;46199;21,04;10813;4,92;3085;1,41;60097;27,37;68,09;2,61;174791;18,41;41045;4,32;13309;1,40;229145;24,13;87,24;3,34;242901;19,13;56829;4,48;17388;1,37;317118;24,98;76,57;2,93
Южный фронт (1-е формирование);399;9302;16,91;20769;37,73;1092;1,98;31163;56,62;53,00;4,05;17159;16,30;32030;30,44;2904;2,76;52093;49,50;66,28;5,07;87997;13,91;252631;39,95;24775;3,92;365403;57,78;103,02;7,88;114458;14,44;305430;38,53;28771;3,63;448659;56,60;91,17;6,97
