Флот, флотилия;Количество суток;Убито и умерло на этапах санитарной эвакуации_Количество_Офицеры;Убито и умерло на этапах санитарной эвакуации_% к потерям_Офицеры;Пропало без вести, попало в плен_Количество_Офицеры;Пропало без вести, попало в плен_% к потерям_Офицеры;Небоевые потери_Количество_Офицеры;Небоевые потери_% к потерям_Офицеры;Итого безвозвратных потерь_Количество_Офицеры;Итого безвозвратных потерь_% к потерям_Офицеры;Итого безвозвратных потерь_% потерь к численности личного состава_Офицеры;Итого безвозвратных потерь_% среднемесячных потерь к численности личного состава_Офицеры;Убито и умерло на этапах санитарной эвакуации_Количество_Старшины;Убито и умерло на этапах санитарной эвакуации_% к потерям_Старшины;Пропало без вести, попало в плен_Количество_Старшины;Пропало без вести, попало в плен_% к потерям_Старшины;Небоевые потери_Количество_Старшины;Небоевые потери_% к потерям_Старшины;Итого безвозвратных потерь_Количество_Старшины;Итого безвозвратных потерь_% к потерям_Старшины;Итого безвозвратных потерь_% потерь к численности личного состава_Старшины;Итого безвозвратных потерь_% среднемесячных потерь к численности личного состава_Старшины;Убито и умерло на этапах санитарной эвакуации_Количество_Матросы;Убито и умерло на этапах санитарной эвакуации_% к потерям_Матросы;Пропало без вести, попало в плен_Количество_Матросы;Пропало без вести, попало в плен_% к потерям_Матросы;Небоевые потери_Количество_Матросы;Небоевые потери_% к потерям_Матросы;Итого безвозвратных потерь_Количество_Матросы;Итого безвозвратных потерь_% к потерям_Матросы;Итого безвозвратных потерь_% потерь к численности личного состава_Матросы;Итого безвозвратных потерь_% среднемесячных потерь к численности личного состава_Матросы;Убито и умерло на этапах санитарной эвакуации_Количество_Всего;Убито и умерло на этапах санитарной эвакуации_% к потерям_Всего;Пропало без вести, попало в плен_Количество_Всего;Пропало без вести, попало в плен_% к потерям_Всего;Небоевые потери_Количество_Всего;Небоевые потери_% к потерям_Всего;Итого безвозвратных потерь_Количество_Всего;Итого безвозвратных потерь_% к потерям_Всего;Итого безвозвратных потерь_% потерь к численности личного состава_Всего;Итого безвозвратных потерь_% среднемесячных потерь к численности личного состава_Всего
Амурская военная флотилия;25;4;57,14;;;;;4;57,14;0,24;0,24;6;17,14;;;;;6;17,14;0,19;0,19;22;27,16;;;;;22;27,16;0,29;0,29;32;26,02;;;;;32;26,02;0,26;0,26
Балтийский флот;1418;3001;30,38;3528;35,72;323;3,27;6852;69,37;48,15;1,03;4038;27,35;4920;33,32;624;4,22;9582;64,89;42,16;0,91;12797;19,11;24261;36,24;2398;3,58;39456;58,93;64,94;1,40;19836;21,66;32709;35,71;3345;3,65;55890;61,02;57,20;1,23
Волжская военная флотилия;280;43;31,16;19;13,77;21;15,21;83;60,14;6,29;1,00;65;29,41;17;7,69;60;27,15;142;64,25;8,02;1,27;164;27,70;116;19,60;117;19,76;397;67,06;8,58;1,36;272;28,60;152;15,98;198;20,82;622;65,40;8,06;1,28
Днепропетровская военная флотилия;604;35;79,55;3;6,81;2;4,55;40;90,91;5,41;0,27;57;53,27;6;5,61;17;15,89;80;74,77;6,40;0,32;186;57,59;17;5,26;38;11,76;241;74,61;6,97;0,35;278;58,65;26;5,49;57;12,02;361;76,16;6,63;0,33
Дунайская военная флотилия;537;34;97.14;1;2,86;;;35;100;3,00;0,17;41;83,67;8;16,33;;;49;100;2,58;0,15;99;86,09;16;13,91;;;115;100;2,26;0,13;174;87,44;25;12,56;;;199;100;2,44;0,14
Каспийская военная флотилия;179;18;58,06;;;13;41,94;31;100;2,42;0,41;15;27,27;;;40;72,73;55;100;1,92;0,32;61;27,23;;;163;72,77;224;100;3,80;0,64;94;30,32;;;216;69,68;310;100;3.09;0,53
Онежская военная флотилия;690;8;88,89;1;11,11;;;9;100;5,63;0,25;13;56,52;1;4,35;9;39,13;23;100;7,93;0,35;51;80,95;3;4,76;9;14,29;63;100;9,84;0,44;72;75,79;5;5,26;18;18,95;95;100;8,72;0,39
Пинская военная флотилия;99;33;11,79;221;78,93;2;0,71;256;91,43;80,00;25,00;12;11,65;44;42,72;;;56;54,37;11,20;3,50;37;11,42;165;50,93;;;202;62,35;13,29;4,15;82;11,60;430;60,82;2;0,28;514;72,70;21,97;6,86
Северный флот;1418;1291;35,26;383;10,46;141;3,86;1815;49,58;18,39;0,40;1727;26,43;299;4,58;224;3,43;2250;34,44;14,08;0,30;4836;18,61;1061;4,08;943;3,63;6840;26,32;13,53;0,29;7854;21,71;1743;4,81;1308;3,62;10905;30,14;14,27;0,31
Тихоокеанский флот;25;195;83,33;23;9,83;;;218;93,16;1,16;1,16;201;73,90;12;4,41;;;213;78,31;0,59;0,59;507;64,02;60;7,57;;;567;71,59;0,52;0,52;903;69,57;95;7,32;;;998;76,89;0,61;0,61
Черноморский флот;1183;3017;30,19;4669;46,71;458;4,58;8144;81,48;66,81;1,72;3649;21,93;7886;47,41;1061;6,38;12596;75,72;64,13;1,65;10276;13,10;46824;59,69;4554;5,80;61654;78,59;106,63;2,75;16942;16,12;59379;56,51;6073;5,78;82394;78,41;91,91;2,37
