Фронт,армия;Количество суток;Ранено, контужено, обожжено_Количество_1941;Ранено, контужено, обожжено_% к потерям_1941;Заболело_Количество_1941;Заболело_% к потерям_1941;Обморожено_Количество_1941;Обморожено_% к потерям_1941;Итого санитарных потерь_Количество_1941;Итого санитарных потерь_% к потерям_1941;Итого санитарных потерь_% потерь к численности личного состава_1941;Итого санитарных потерь_% среднемесячных потерь к численности личного состава_1941;Ранено, контужено, обожжено_Количество_1942;Ранено, контужено, обожжено_% к потерям_1942;Заболело_Количество_1942;Заболело_% к потерям_1942;Обморожено_Количество_1942;Обморожено_% к потерям_1942;Итого санитарных потерь_Количество_1942;Итого санитарных потерь_% к потерям_1942;Итого санитарных потерь_% потерь к численности личного состава_1942;Итого санитарных потерь_% среднемесячных потерь к численности личного состава_1942;Ранено, контужено, обожжено_Количество_1943;Ранено, контужено, обожжено_% к потерям_1943;Заболело_Количество_1943;Заболело_% к потерям_1943;Обморожено_Количество_1943;Обморожено_% к потерям_1943;Итого санитарных потерь_Количество_1943;Итого санитарных потерь_% к потерям_1943;Итого санитарных потерь_% потерь к численности личного состава_1943;Итого санитарных потерь_% среднемесячных потерь к численности личного состава_1943;Ранено, контужено, обожжено_Количество_1944;Ранено, контужено, обожжено_% к потерям_1944;Заболело_Количество_1944;Заболело_% к потерям_1944;Обморожено_Количество_1944;Обморожено_% к потерям_1944;Итого санитарных потерь_Количество_1944;Итого санитарных потерь_% к потерям_1944;Итого санитарных потерь_% потерь к численности личного состава_1944;Итого санитарных потерь_% среднемесячных потерь к численности личного состава_1944;Ранено, контужено, обожжено_Количество_1945;Ранено, контужено, обожжено_% к потерям_1945;Заболело_Количество_1945;Заболело_% к потерям_1945;Обморожено_Количество_1945;Обморожено_% к потерям_1945;Итого санитарных потерь_Количество_1945;Итого санитарных потерь_% к потерям_1945;Итого санитарных потерь_% потерь к численности личного состава_1945;Итого санитарных потерь_% среднемесячных потерь к численности личного состава_1945
2-ой Белорусский (2-е формирование) фронт;;;;;;;;;;;;;;;;;;;;;;;;;;;;;;;;136645;57,23;55963;23,44;12;0,01;192620;80,67;42,44;5,11;264037;67,33;38107;9,72;41;0,01;302185;77,06;41,96;9,99
3-ий Белорусский фронт;;;;;;;;;;;;;;;;;;;;;;;;;;;;;;;;258611;61,34;76379;18,12;;;334990;79,46;60,13;7,25;297874;70,61;34396;8,15;37;0,01;332307;78,77;44,57;10,61
7-ая отдельная армия;;13112;51,88;1245;4,93;;;14682;58,09;19,62;6,13;19023;45,34;11343;27,04;325;1,28;30455;72,59;31,16;2,60;3072;24,21;7429;58,56;89;0,21;10528;82,98;12,15;1,01;98;11,60;662;78,34;27;0,21;760;89,94;0,90;0,50;;;;;;;;;;
Брянский фронт (1-е и 2-е формирование);;41133;20,74;998;0,50;529;0,27;42660;21,51;23,62;8,15;122890;48,46;26215;10,34;1004;0,39;150109;59,19;44,24;3,69;80444;59,63;10247;7,60;278;0,20;90969;67,43;23,23;9,97;;;;;;;;;;;;;;;;;;;;
Войска Московской зоны обороны;;452;26,68;15;0,89;;;469;27,69;0,30;0,30;751;26,14;956;33,28;2;0,12;1707;59,42;1,44;0,12;64;1,48;3553;82,33;4;0,09;3621;83,90;6,64;0,74;;;;;;;;;;;;;;;;;;;;
Волховский фронт (1-е и 2-е формирование);;1307;63,82;;;542;26,46;1849;90,28;0,76;1,52;326477;55,14;53081;8,96;4034;0,68;383592;64,78;110,52;10,53;189587;58,99;53766;16,73;147;0,04;243500;75,76;69,87;5,82;33343;66,28;4939;9,82;11;0,02;38293;76,12;13,07;8,71;;;;;;;;;;
Воронежский фронт и 1-ый Украинский фронт;;;;;;;;;;;;138769;54,44;12265;4,81;68;0,03;151102;59,28;49,76;8,58;536285;62,26;64153;7,45;668;0,08;601106;69,79;107,25;8,94;593361;62,09;134361;14,06;404;0,04;728126;76,19;77,52;6,46;364103;68,81;39469;7,46;58;0,01;403630;76,28;41,17;9,80
Закавказский (2-е формирование);;;;;;;;;;;;144250;46,43;25395;8,17;1696;0,55;171341;55,15;16,20;2,13;27269;48,77;11414;20,42;2412;4,31;41095;73,50;5,99;2,07;;;;;;;;;;;;;;;;;;;;
Западный фронт;;328735;25,33;9069;0,70;3857;0,29;341661;26,32;68,18;10,82;665341;61,11;105540;9,69;3249;0,30;774130;71,10;80,92;6,74;582977;62,05;133954;14,26;245;0,02;717176;76,33;93,41;7,79;126468;60,81;39480;18,98;71;0,03;166019;79,82;31,15;8,42;;;;;;;;;;
Калининский фронт, 1-ый Прибалтийский фронт, Земландская группа войск;;65491;55,26;1990;1,68;1003;0,85;68484;57,79;34,98;14,57;507607;58,66;60534;6,99;5818;0,67;573959;66,32;94,44;7,87;301602;60,66;70615;14,20;297;0,06;372514;74,92;80,38;6,70;367995;61,45;97519;16,28;124;0,02;465638;77,75;94,78;7,90;53786;57,99;17348;18,71;33;0,03;71167;76,73;22,64;7,52
Карельский фронт;;37092;47,68;5292;6,80;1374;1,77;43758;56,25;23,84;5,96;53849;43,53;36202;29,27;1154;0,93;91205;73,73;33,92;2,83;15181;26,51;32933;57,50;185;0,32;48299;84,33;19,25;1,60;73873;46,27;50258;31,48;714;0,45;124845;78,20;37,89;3,61;;;1718;93,42;;;1718;93,42;;
Ленинградский фронт;;165305;50,17;17712;5,37;1762;0,53;184779;56,07;35,85;8,53;153661;48,11;80184;25,11;1861;0,58;235706;73,80;56,73;4,73;213602;54,66;88263;22,58;184;0,05;302049;77,29;58,74;4,89;406153;61,00;114094;17,14;478;0,07;520725;78,21;85,06;7,09;11040;22,37;33073;67,00;1;;44114;89,37;7,27;1,73
Отдельная Приморская армия (2-е формирование);;;;;;;;;;;;;;;;;;;;;;6075;43,64;3651;26,23;;;9726;69,87;4,64;3,31;26282;47,28;19164;34,48;260;0,47;45706;82,23;41,11;3,77;4;0,61;633;96,35;;;637;96,96;2,11;0,50
Прибалтийский и 2-ой Прибалтийский фронты;;;;;;;;;;;;;;;;;;;;;;62428;59,12;18814;17,82;35;0,03;81277;76,97;19,03;7,05;354284;62,46;91302;16,10;208;0,04;445794;78,60;104,41;8,70;116847;60,96;35190;18,36;60;0,03;152097;79,35;27,03;9,01
Приморская армия (1-е формирование);;32977;47,31;986;1,41;89;0,13;34052;48,85;52,22;13,05;20243;21,79;3201;3,45;348;0,37;23792;25,61;29,86;4,97;;;;;;;;;;;;;;;;;;;;;;;;;;;;;;
Северо-западный фронт;;83816;31,03;3741;1,39;266;0,10;87823;32,52;33,81;5,37;319111;57,07;53878;9,64;1856;0,33;374845;67,04;104,28;8,69;188234;56,11;58230;17,36;189;0,06;246653;73,53;71,79;6,77;;;;;;;;;;;;;;;;;;;;
Сталинградский (1-е формирование) и Донской фронты;;;;;;;;;;;;266644;38,76;17757;2,58;270;0,04;284671;41,38;62,54;11,17;68838;66,21;8614;8,29;788;0,75;78240;75,25;21,86;14,57;;;;;;;;;;;;;;;;;;;;
Степной, 2-ой Украинский фронты;;;;;;;;;;;;;;;;;;;;;;415395;68,20;30489;5,01;60;0,01;445944;73,22;88,18;15,20;456080;61,41;127256;17,13;194;0,03;583530;78,57;79,35;6,61;141463;62,21;37797;16,62;39;0,02;179299;78,85;30,65;7,30
Центральный (2-е формирование), Белорусский (1-е и 2-е формирования), 1-ый Белорусский (1-е и 2-е формирования);;;;;;;;;;;;;;;;;;;;;;489514;64,19;550436;72,18;475;0,06;549795;72,18;88,90;8,47;454419;60,47;585459;77,91;59;0,01;639049;77,91;68,58;5,72;321224;67,67;368465;77,62;25;;413546;77,62;35,59;8,47
Юго-Западный (2-е формирование) и 3-ий Украинский фронты;;;;;;;;;;;;97707;65,91;5651;3,81;2285;1,54;105643;71,26;31,49;14,32;431710;63,34;58642;8,60;2227;0,33;492579;72,27;99,37;8,28;327742;60,97;97588;18,15;136;0,03;425466;79,15;86,80;7,23;158999;63,43;24490;9,77;448;0,18;183937;73,38;35,01;8,34
Южный (2-е формирование) и 4-ый Украинский фронты;;;;;;;;;;;;;;;;;;;;;;488227;63,75;62646;8,18;2784;0,37;553657;72,30;112,98;9,41;206611;64,30;47804;14,87;550;0,17;254965;79,34;69,23;6,99;125999;69,12;17404;9,55;320;0,17;143723;78,84;43,17;10,28
Южный фронт (1-е формирование);;66809;21,39;4927;1,58;2004;0,64;73740;23,61;19,32;3,12;216161;45,00;35938;7,48;18191;3,79;270290;56,27;47,34;6,86;;;;;;;;;;;;;;;;;;;;;;;;;;;;;;
1-ый Дальневосточный фронт;;;;;;;;;;;;;;;;;;;;;;;;;;;;;;;;;;;;;;;;;;12958;61,50;1787;8,48;;;14745;69,98;2,51;2,51
14-ая отдельная армия;;;;;;;;;;;;;;;;;;;;;;;;;;;;;;;;;;;;;;;;;;366;4,22;7884;90,91;10;0,12;8260;95,25;11,11;1,85
2-ой Белорусский (1-е формирование) фронт;;;;;;;;;;;;;;;;;;;;;;;;;;;;;;;;14422;64,78;2319;10,42;;;16741;75,20;9,44;7,26;;;;;;;;;;
2-ой Дальневосточный фронт;;;;;;;;;;;;;;;;;;;;;;;;;;;;;;;;;;;;;;;;;;3112;55,74;22;0,39;;;3134;56,13;0,93;0,93
3-ий Прибалтийский фронт;;;;;;;;;;;;;;;;;;;;;;;;;;;;;;;;130427;66,20;23449;11,90;;;153876;78,10;54,97;9,48;;;;;;;;;;
37-ая отдельная армия;;;;;;;;;;;;;;;;;;;;;;;;;;;;;;;;;;;;;;;;;;2;0,04;4297;90,94;;;4299;90,98;4,76;0,99
4-ая отдельная армия;;24468;55,44;1117;2,53;803;1,82;26388;59,79;45,19;17,38;;;;;;;;;;;;;;;;;;;;;;;;;;;;;;;;;;;;;;;;
51-ая отдельная армия;;14388;21,14;1463;2,15;1;;15852;23,29;14,88;4,80;;;;;;;;;;;;;;;;;;;;;;;;;;;;;;;;;;;;;;;;
52-отдельная армия;;7435;34,12;489;2,24;111;0,51;8035;36,87;15,33;5,90;;;;;;;;;;;;;;;;;;;;;;;;;;;;;;;;;;;;;;;;
Восточный и Сталинградский (2-е формирование) фронты;;;;;;;;;;;;150743;44,00;10074;2,94;480;0,14;161297;47,08;49,19;10,25;;;;;;;;;;;;;;;;;;;;;;;;;;;;;;
Забайкальский фронт;;;;;;;;;;;;;;;;;;;;;;;;;;;;;;;;;;;;;;;;;;3159;37,68;2996;35,74;;;6155;73,42;0,96;0,96
Кавказский фронт;;;;;;;;;;;;9549;21,33;1757;3,92;2929;6,54;14235;31,79;2,79;2,79;;;;;;;;;;;;;;;;;;;;;;;;;;;;;;
Крымский фронт;;;;;;;;;;;;75747;27,24;6971;2,51;518;0,19;83236;29,94;34,51;9,59;;;;;;;;;;;;;;;;;;;;;;;;;;;;;;
Северо-Кавказский фронт (1-е формирование);;;;;;;;;;;;30451;24,34;5301;4,24;;;35752;28,58;17,20;4,91;;;;;;;;;;;;;;;;;;;;;;;;;;;;;;
Северо-Кавказский фронт (2-е формирование);;;;;;;;;;;;;;;;;;;;;;286504;56.26;89756;17.62;3725;0.73;379985;74.61;91.17;9.30;;;;;;;;;;;;;;;;;;;;
Центральный фронт (1-е формирование);;31650;22,13;347;0,24;;;31997;22,37;12,41;12,41;;;;;;;;;;;;;;;;;;;;;;;;;;;;;;;;;;;;;;;;
Резервный (2-е формирование), Курский, Орловский, Брянский (3-е формирование);;;;;;;;;;;;;;;;;;;;;;214737;67,47;20332;6,39;;;235069;73,86;53,74;7,68;;;;;;;;;;;;;;;;;;;;
Резервный фронт (1-е формирование);;138451;42,76;1269;0,39;;;139720;43,15;30,89;12,36;;;;;;;;;;;;;;;;;;;;;;;;;;;;;;;;;;;;;;;;
Северный фронт;;60271;40,62;2634;1,78;-;-;62905;42,40;9,55;4,55;;;;;;;;;;;;;;;;;;;;;;;;;;;;;;;;;;;;;;;;
